{"version":"0.4","title":"Footer: Faux Footer Bottom","type":"section","content":[{"id":"65044c7d","settings":{"html_tag":"footer","background_background":"classic","background_color":"#000000","_element_id":"footer"},"elements":[{"id":"6c435e67","settings":{"_column_size":100,"_inline_size":null},"elements":[{"id":"ea902fa","settings":{"shortcode":"Copyright &copy; [oceanwp_date] [site_name]. All rights reserved.","_element_id":"footer-bottom","eael_tooltip_section_content":"I am a tooltip","eael_ext_content_protection_password_placeholder":"Enter Password","eael_ext_content_protection_password_submit_btn_txt":"Submit"},"elements":[],"isInner":false,"widgetType":"shortcode","elType":"widget"}],"isInner":false,"elType":"column"}],"isInner":false,"elType":"section"}],"page_settings":{"eael_ext_toc_title":"Table of Content","background_image":{"url":"","id":""},"background_image_tablet":{"url":"","id":""},"background_image_mobile":{"url":"","id":""},"background_video_fallback":{"url":"","id":""},"background_slideshow_gallery":[]}}