{"version":"0.4","title":"Footer: Contact","type":"section","content":[{"id":"5e3ecd27","settings":{"html_tag":"section","background_background":"classic","background_color":"#1A1915","heading_color":"#FFFFFF","color_text":"#ABABA9","color_link":"#D5D5D4","color_link_hover":"#FFFFFF","padding":{"unit":"em","top":"3","right":"3","bottom":"3","left":"3","isLinked":true},"padding_tablet":{"unit":"em","top":"2","right":"2","bottom":"2","left":"2","isLinked":true},"padding_mobile":{"unit":"em","top":"1","right":"1","bottom":"1","left":"1","isLinked":true},"_element_id":"contact","css_classes":"padded"},"elements":[{"id":"6e0bc140","settings":{"_column_size":100,"_inline_size":null},"elements":[{"id":"3906df30","settings":{"title":"Contact","header_size":"h1","_padding":{"unit":"em","top":"0","right":"0","bottom":"1","left":"0","isLinked":false},"eael_tooltip_section_content":"I am a tooltip","eael_ext_content_protection_password_placeholder":"Enter Password","eael_ext_content_protection_password_submit_btn_txt":"Submit"},"elements":[],"isInner":false,"widgetType":"heading","elType":"widget"},{"id":"6e7d57ae","settings":{"structure":"40"},"elements":[{"id":"7e8161","settings":{"_column_size":25,"_inline_size":null,"_inline_size_tablet":50},"elements":[{"id":"146edb17","settings":{"icon_list":[{"text":"email@stanford.edu","selected_icon":{"value":"fas fa-envelope","library":"fa-solid"},"_id":"f2c0f2c","link":{"url":"#","is_external":"","nofollow":""}},{"text":"(000) 000-0000","selected_icon":{"value":"fas fa-phone-alt","library":"fa-solid"},"_id":"7462a61","link":{"url":"","is_external":"","nofollow":""}},{"text":"(000) 000-0000","selected_icon":{"value":"fas fa-fax","library":"fa-solid"},"_id":"e2f33f4","link":{"url":"","is_external":"","nofollow":""}},{"text":"Graduate School of Business<br>655 Knight Way<br>Stanford, California 94305","selected_icon":{"value":"fas fa-map-pin","library":"fa-solid"},"link":{"url":"","is_external":"","nofollow":""},"_id":"894fe52"},{"text":"Office: W000","selected_icon":{"value":"fas fa-building","library":"fa-solid"},"link":{"url":"","is_external":"","nofollow":""},"_id":"eb0cb28"},{"text":"Mailcode: 0000","selected_icon":{"value":"fas fa-mail-bulk","library":"fa-solid"},"link":{"url":"","is_external":"","nofollow":""},"_id":"11e2947"}],"eael_tooltip_section_content":"I am a tooltip","eael_ext_content_protection_password_placeholder":"Enter Password","eael_ext_content_protection_password_submit_btn_txt":"Submit"},"elements":[],"isInner":false,"widgetType":"icon-list","elType":"widget"}],"isInner":true,"elType":"column"},{"id":"e0974b2","settings":{"_column_size":25,"_inline_size":null,"_inline_size_tablet":50},"elements":[{"id":"481c9551","settings":{"icon_list":[{"text":"Stanford GSB Faculty Profile","selected_icon":{"value":"fas fa-external-link-square-alt","library":"fa-solid"},"link":{"url":"#","is_external":"on","nofollow":""},"_id":"dc64d17"},{"text":"Google Scholar","selected_icon":{"value":"fab fa-google","library":"fa-brands"},"link":{"url":"#","is_external":"on","nofollow":""},"_id":"68e5995"},{"text":"@LinkedInhandle","selected_icon":{"value":"fab fa-linkedin-in","library":"fa-brands"},"link":{"url":"#","is_external":"on","nofollow":""},"_id":"a16650d"},{"text":"@twitterhandle","selected_icon":{"value":"fab fa-twitter","library":"fa-brands"},"link":{"url":"#","is_external":"on","nofollow":""},"_id":"e77c101"}],"eael_tooltip_section_content":"I am a tooltip","eael_ext_content_protection_password_placeholder":"Enter Password","eael_ext_content_protection_password_submit_btn_txt":"Submit"},"elements":[],"isInner":false,"widgetType":"icon-list","elType":"widget"}],"isInner":true,"elType":"column"},{"id":"1de18c6b","settings":{"_column_size":25,"_inline_size":null,"hide_tablet":"hidden-tablet","hide_mobile":"hidden-phone"},"elements":[],"isInner":true,"elType":"column"},{"id":"332ffe6c","settings":{"_column_size":25,"_inline_size":null,"_inline_size_tablet":50,"padding_tablet":{"unit":"em","top":"2.4","right":"0.55","bottom":"0.55","left":"0.55","isLinked":false}},"elements":[{"id":"489dc4c9","settings":{"title":"Faculty Assistant","header_size":"h4","typography_typography":"custom","typography_font_size":{"unit":"em","size":0.770000000000000017763568394002504646778106689453125,"sizes":[]},"typography_font_size_tablet":{"unit":"em","size":"","sizes":[]},"typography_text_transform":"uppercase","typography_letter_spacing":{"unit":"px","size":1,"sizes":[]},"eael_tooltip_section_content":"I am a tooltip","eael_ext_content_protection_password_placeholder":"Enter Password","eael_ext_content_protection_password_submit_btn_txt":"Submit"},"elements":[],"isInner":false,"widgetType":"heading","elType":"widget"},{"id":"64bffa46","settings":{"title":"Jane Doe","header_size":"h5","_padding":{"unit":"em","top":"0","right":"0","bottom":"1","left":"0","isLinked":false},"typography_typography":"custom","typography_font_size":{"unit":"em","size":1.25,"sizes":[]},"typography_font_size_tablet":{"unit":"em","size":"","sizes":[]},"eael_tooltip_section_content":"I am a tooltip","eael_ext_content_protection_password_placeholder":"Enter Password","eael_ext_content_protection_password_submit_btn_txt":"Submit"},"elements":[],"isInner":false,"widgetType":"heading","elType":"widget"},{"id":"452fc930","settings":{"icon_list":[{"text":"email@stanford.edu","selected_icon":{"value":"fas fa-envelope","library":"fa-solid"},"_id":"f2c0f2c","link":{"url":"#","is_external":"","nofollow":""}},{"text":"(000) 000-0000","selected_icon":{"value":"fas fa-phone-alt","library":"fa-solid"},"_id":"7462a61","link":{"url":"","is_external":"","nofollow":""}},{"text":"(000) 000-0000","selected_icon":{"value":"fas fa-fax","library":"fa-solid"},"_id":"e2f33f4","link":{"url":"","is_external":"","nofollow":""}},{"text":"Office: W000","selected_icon":{"value":"fas fa-building","library":"fa-solid"},"link":{"url":"","is_external":"","nofollow":""},"_id":"eb0cb28"}],"eael_tooltip_section_content":"I am a tooltip","eael_ext_content_protection_password_placeholder":"Enter Password","eael_ext_content_protection_password_submit_btn_txt":"Submit"},"elements":[],"isInner":false,"widgetType":"icon-list","elType":"widget"}],"isInner":true,"elType":"column"}],"isInner":true,"elType":"section"}],"isInner":false,"elType":"column"}],"isInner":false,"elType":"section"}],"page_settings":{"hide_title":"yes","eael_ext_table_of_content":"","eael_ext_toc_title":"Table of Content","eael_ext_toc_word_wrap":"yes"}}