{"version":"0.4","title":"Footer: Faux Footer Widget Area","type":"section","content":[{"id":"52e7caa7","settings":{"background_background":"classic","background_color":"#1A1915","_element_id":"contact","css_classes":"padded","gap":"no"},"elements":[{"id":"53be4b7b","settings":{"_column_size":100,"_inline_size":null},"elements":[{"id":"385471bd","settings":{"structure":"40"},"elements":[{"id":"6334adae","settings":{"_column_size":25,"_inline_size":null,"_inline_size_tablet":50},"elements":[{"id":"d0778a3","settings":{"image":{"id":609,"url":"https:\/\/gsb-faculty.stanford.edu\/clone-me\/files\/2020\/07\/Logo_Stanford-GSB_H_1C_W_RGB.svg"},"image_size":"full","align":"left","link_to":"custom","link":{"url":"https:\/\/www.gsb.stanford.edu\/","is_external":"on","nofollow":"","custom_attributes":""},"eael_tooltip_section_content":"I am a tooltip","eael_ext_content_protection_password_placeholder":"Enter Password","eael_ext_content_protection_password_submit_btn_txt":"Submit","_css_classes":"gsb-logo"},"elements":[],"isInner":false,"widgetType":"image","elType":"widget"}],"isInner":true,"elType":"column"},{"id":"37f6adac","settings":{"_column_size":25,"_inline_size":null,"_inline_size_tablet":50},"elements":[],"isInner":true,"elType":"column"},{"id":"43e701df","settings":{"_column_size":25,"_inline_size":null,"_inline_size_tablet":50},"elements":[],"isInner":true,"elType":"column"},{"id":"2c5c9146","settings":{"_column_size":25,"_inline_size":null,"_inline_size_tablet":50},"elements":[],"isInner":true,"elType":"column"}],"isInner":true,"elType":"section"}],"isInner":false,"elType":"column"}],"isInner":false,"elType":"section"}],"page_settings":{"eael_ext_toc_title":"Table of Content"}}