{"version":"0.4","title":"Page: Home","type":"page","content":[{"id":"1599fd37","settings":{"structure":"21"},"elements":[{"id":"4f93059c","settings":{"_column_size":33,"_inline_size":25,"_inline_size_tablet":33},"elements":[{"id":"52a36b5f","settings":{"image":{"url":"https:\/\/gsb-faculty.stanford.edu\/clone-me\/files\/2020\/07\/FPO_FacultyHeadshot.jpg","id":610},"image_size":"medium","image_border_radius":{"unit":"%","top":"55","right":"55","bottom":"55","left":"55","isLinked":true},"eael_tooltip_section_content":"I am a tooltip","eael_ext_content_protection_password_placeholder":"Enter Password","eael_ext_content_protection_password_submit_btn_txt":"Submit","align":"left","width":{"unit":"%","size":90,"sizes":[]}},"elements":[],"isInner":false,"widgetType":"image","elType":"widget"}],"isInner":false,"elType":"column"},{"id":"36a889f2","settings":{"_column_size":66,"_inline_size":74.6650000000000062527760746888816356658935546875,"space_between_widgets":18,"_inline_size_tablet":66},"elements":[{"id":"2cce239","settings":{"title":"Add Your Heading Text Here","typography_typography":"custom","typography_font_size":{"unit":"em","size":1.5,"sizes":[]},"typography_font_weight":"400","__dynamic__":{"title":"[elementor-tag id=\"67ffae2\" name=\"site-tagline\" settings=\"%7B%7D\"]"},"eael_tooltip_section_content":"I am a tooltip","eael_ext_content_protection_password_placeholder":"Enter Password","eael_ext_content_protection_password_submit_btn_txt":"Submit"},"elements":[],"isInner":false,"widgetType":"heading","elType":"widget"},{"id":"9306df8","settings":{"editor":"<p>Additional Titles (Optional)<\/p>","typography_typography":"custom","typography_font_size":{"unit":"em","size":1.25,"sizes":[]},"eael_tooltip_section_content":"I am a tooltip","eael_ext_content_protection_password_placeholder":"Enter Password","eael_ext_content_protection_password_submit_btn_txt":"Submit"},"elements":[],"isInner":false,"widgetType":"text-editor","elType":"widget"},{"id":"1c982dd3","settings":{"text":"Divider","eael_tooltip_section_content":"I am a tooltip","eael_ext_content_protection_password_placeholder":"Enter Password","eael_ext_content_protection_password_submit_btn_txt":"Submit"},"elements":[],"isInner":false,"widgetType":"divider","elType":"widget"},{"id":"23ca08b8","settings":{"editor":"<p>Short Bio. Lorem ipsum dolor sit amet, consectetur adipiscing elit. Cras placerat, mauris et pellentesque ultrices, magna nibh elementum diam, ut accumsan ex felis ac libero. Aenean ultricies eget leo vitae tristique. Pellentesque scelerisque dignissim velit nec sollicitudin. Nullam elementum, tellus quis luctus tempus, turpis nisi feugiat dui, sit amet scelerisque ipsum libero vel lacus. Donec sit amet urna est. Curabitur eget dui vel purus pharetra elementum sit amet id nulla. Fusce nec tempus mi. Aliquam bibendum diam erat, non dapibus ipsum convallis sit amet. Ut nisl neque, vestibulum vel efficitur quis, vulputate dignissim libero. Phasellus vestibulum quam urna, a iaculis mi pellentesque in.<\/p>","eael_tooltip_section_content":"I am a tooltip","eael_ext_content_protection_password_placeholder":"Enter Password","eael_ext_content_protection_password_submit_btn_txt":"Submit"},"elements":[],"isInner":false,"widgetType":"text-editor","elType":"widget"}],"isInner":false,"elType":"column"}],"isInner":false,"elType":"section"}],"page_settings":{"hide_title":"yes","eael_ext_table_of_content":"","eael_ext_toc_title":"Table of Content","eael_ext_toc_word_wrap":"yes"}}