{"version":"0.4","title":"Page: Research","type":"page","content":[{"id":"73a04adb","settings":[],"elements":[{"id":"2a6125d1","settings":{"_column_size":100,"space_between_widgets":24},"elements":[{"id":"22d05bb2","settings":{"editor":"<p>Research interests overview. Lorem ipsum dolor sit amet, consectetur adipiscing elit. Cras placerat, mauris et pellentesque ultrices, magna nibh elementum diam, ut accumsan ex felis ac libero. Aenean ultricies eget leo vitae tristique. Pellentesque scelerisque dignissim velit nec sollicitudin. Nullam elementum, tellus quis luctus tempus, turpis nisi feugiat dui, sit amet scelerisque ipsum libero vel lacus. Donec sit amet urna est. Curabitur eget dui vel purus pharetra elementum sit amet id nulla<\/p>","eael_tooltip_section_content":"I am a tooltip","eael_ext_content_protection_password_placeholder":"Enter Password","eael_ext_content_protection_password_submit_btn_txt":"Submit"},"elements":[],"isInner":false,"widgetType":"text-editor","elType":"widget"},{"id":"c885503","settings":{"text":"Divider","eael_tooltip_section_content":"I am a tooltip","eael_ext_content_protection_password_placeholder":"Enter Password","eael_ext_content_protection_password_submit_btn_txt":"Submit"},"elements":[],"isInner":false,"widgetType":"divider","elType":"widget"}],"isInner":false,"elType":"column"}],"isInner":false,"elType":"section"},{"id":"4e774533","settings":{"html_tag":"section"},"elements":[{"id":"6bf605b4","settings":{"_column_size":100,"_inline_size":null,"space_between_widgets":36},"elements":[{"id":"3716c847","settings":{"title":"Research Category or Year","title_color":"#8C1515","header_size":"h1","_css_classes":"section-heading","eael_tooltip_section_content":"I am a tooltip","eael_ext_content_protection_password_placeholder":"Enter Password","eael_ext_content_protection_password_submit_btn_txt":"Submit"},"elements":[],"isInner":false,"widgetType":"heading","elType":"widget"},{"id":"2d3400ae","settings":{"css_classes":"research-listing","html_tag":"article","_title":"Research Listing"},"elements":[{"id":"7b715c17","settings":{"_column_size":100},"elements":[{"id":"6cabc453","settings":{"title":"Research Publication Title","link":{"url":"#","is_external":"on","nofollow":""},"header_size":"h3","eael_tooltip_section_content":"I am a tooltip","eael_ext_content_protection_password_placeholder":"Enter Password","eael_ext_content_protection_password_submit_btn_txt":"Submit"},"elements":[],"isInner":false,"widgetType":"heading","elType":"widget"},{"id":"2d8be5de","settings":{"editor":"<p>with Coauthor A and Coauthor B, 0000. <em>Journal Title<\/em>, Vol 000, Issue 0, 000-0000<\/p>","eael_tooltip_section_content":"I am a tooltip","eael_ext_content_protection_password_placeholder":"Enter Password","eael_ext_content_protection_password_submit_btn_txt":"Submit"},"elements":[],"isInner":false,"widgetType":"text-editor","elType":"widget"},{"id":"76cc894e","settings":{"view":"inline","icon_list":[{"text":"External Link","selected_icon":{"value":"fas fa-external-link-square-alt","library":"fa-solid"},"_id":"4b93f3d","link":{"url":"#","is_external":"on","nofollow":""}},{"text":"PDF","selected_icon":{"value":"fas fa-file-pdf","library":"fa-solid"},"_id":"6ddab62","link":{"url":"#","is_external":"on","nofollow":""}},{"text":"Data","selected_icon":{"value":"fas fa-file-archive","library":"fa-solid"},"_id":"a9f2af1","link":{"url":"#","is_external":"on","nofollow":""}}],"space_between":{"unit":"px","size":24,"sizes":[]},"_margin":{"unit":"px","top":"4","right":"0","bottom":"0","left":"0","isLinked":false},"eael_tooltip_section_content":"I am a tooltip","eael_ext_content_protection_password_placeholder":"Enter Password","eael_ext_content_protection_password_submit_btn_txt":"Submit"},"elements":[],"isInner":false,"widgetType":"icon-list","elType":"widget"},{"id":"316b219","settings":{"tabs":[{"tab_title":"Optional Abstract and\/or Details","tab_content":"Lorem ipsum dolor sit amet, consectetur adipiscing elit. Ut elit tellus, luctus nec ullamcorper mattis, pulvinar dapibus leo.","_id":"f8aaa5f"}],"selected_icon":{"value":"fas fa-chevron-down","library":"fa-solid"},"selected_active_icon":{"value":"fas fa-chevron-up","library":"fa-solid"},"border_width":{"unit":"px","size":0,"sizes":[]},"border_color":"#D5D5D4","title_background":"#F4F4F3","icon_align":"right","_margin":{"unit":"px","top":"18","right":"0","bottom":"0","left":"0","isLinked":false},"_border_border":"solid","_border_width":{"unit":"px","top":"1","right":"1","bottom":"1","left":"1","isLinked":true},"_border_color":"#D5D5D4","title_padding":{"unit":"em","top":"0.5","right":"1","bottom":"0.5","left":"1","isLinked":false},"eael_tooltip_section_content":"I am a tooltip","eael_ext_content_protection_password_placeholder":"Enter Password","eael_ext_content_protection_password_submit_btn_txt":"Submit"},"elements":[],"isInner":false,"widgetType":"toggle","elType":"widget"}],"isInner":true,"elType":"column"}],"isInner":true,"elType":"section"},{"id":"4d6222ec","settings":{"css_classes":"research-listing","html_tag":"article","_title":"Research Listing"},"elements":[{"id":"48534c6","settings":{"_column_size":100},"elements":[{"id":"6c7504dd","settings":{"title":"Research Publication Title","link":{"url":"#","is_external":"on","nofollow":""},"header_size":"h3","eael_tooltip_section_content":"I am a tooltip","eael_ext_content_protection_password_placeholder":"Enter Password","eael_ext_content_protection_password_submit_btn_txt":"Submit"},"elements":[],"isInner":false,"widgetType":"heading","elType":"widget"},{"id":"71cf419c","settings":{"editor":"<p>with Coauthor A and Coauthor B, 0000. <em>Journal Title<\/em>, Vol 000, Issue 0, 000-0000<\/p>","eael_tooltip_section_content":"I am a tooltip","eael_ext_content_protection_password_placeholder":"Enter Password","eael_ext_content_protection_password_submit_btn_txt":"Submit"},"elements":[],"isInner":false,"widgetType":"text-editor","elType":"widget"},{"id":"36b3a81b","settings":{"view":"inline","icon_list":[{"text":"External Link","selected_icon":{"value":"fas fa-external-link-square-alt","library":"fa-solid"},"_id":"4b93f3d","link":{"url":"#","is_external":"on","nofollow":""}},{"text":"PDF","selected_icon":{"value":"fas fa-file-pdf","library":"fa-solid"},"_id":"6ddab62","link":{"url":"#","is_external":"on","nofollow":""}},{"text":"Data","selected_icon":{"value":"fas fa-file-archive","library":"fa-solid"},"_id":"a9f2af1","link":{"url":"#","is_external":"on","nofollow":""}}],"space_between":{"unit":"px","size":24,"sizes":[]},"_margin":{"unit":"px","top":"4","right":"0","bottom":"0","left":"0","isLinked":false},"eael_tooltip_section_content":"I am a tooltip","eael_ext_content_protection_password_placeholder":"Enter Password","eael_ext_content_protection_password_submit_btn_txt":"Submit"},"elements":[],"isInner":false,"widgetType":"icon-list","elType":"widget"},{"id":"1ef17670","settings":{"tabs":[{"tab_title":"Optional Abstract and\/or Details","tab_content":"Lorem ipsum dolor sit amet, consectetur adipiscing elit. Ut elit tellus, luctus nec ullamcorper mattis, pulvinar dapibus leo.","_id":"f8aaa5f"}],"selected_icon":{"value":"fas fa-chevron-down","library":"fa-solid"},"selected_active_icon":{"value":"fas fa-chevron-up","library":"fa-solid"},"border_width":{"unit":"px","size":0,"sizes":[]},"border_color":"#D5D5D4","title_background":"#F4F4F3","icon_align":"right","_margin":{"unit":"px","top":"18","right":"0","bottom":"0","left":"0","isLinked":false},"_border_border":"solid","_border_width":{"unit":"px","top":"1","right":"1","bottom":"1","left":"1","isLinked":true},"_border_color":"#D5D5D4","title_padding":{"unit":"em","top":"0.5","right":"1","bottom":"0.5","left":"1","isLinked":false},"eael_tooltip_section_content":"I am a tooltip","eael_ext_content_protection_password_placeholder":"Enter Password","eael_ext_content_protection_password_submit_btn_txt":"Submit"},"elements":[],"isInner":false,"widgetType":"toggle","elType":"widget"}],"isInner":true,"elType":"column"}],"isInner":true,"elType":"section"}],"isInner":false,"elType":"column"}],"isInner":false,"elType":"section"},{"id":"7ef4185c","settings":{"html_tag":"section"},"elements":[{"id":"538125a7","settings":{"_column_size":100,"_inline_size":null,"space_between_widgets":36},"elements":[{"id":"4f452d5d","settings":{"title":"Research Category or Year","title_color":"#8C1515","header_size":"h1","_css_classes":"section-heading","eael_tooltip_section_content":"I am a tooltip","eael_ext_content_protection_password_placeholder":"Enter Password","eael_ext_content_protection_password_submit_btn_txt":"Submit"},"elements":[],"isInner":false,"widgetType":"heading","elType":"widget"},{"id":"8696ea7","settings":{"css_classes":"research-listing","html_tag":"article","structure":"21","_title":"Research Listing"},"elements":[{"id":"46bb7a3c","settings":{"_column_size":33,"_inline_size":15,"_inline_size_mobile":25,"hide_mobile":"hidden-phone"},"elements":[{"id":"4cabfdf2","settings":{"image":{"url":"https:\/\/gsb-faculty.stanford.edu\/clone-me\/files\/2020\/07\/FPO_ResearchPaper_135x202.png","id":615},"image_size":"medium","eael_tooltip_section_content":"I am a tooltip","eael_ext_content_protection_password_placeholder":"Enter Password","eael_ext_content_protection_password_submit_btn_txt":"Submit"},"elements":[],"isInner":false,"widgetType":"image","elType":"widget"}],"isInner":true,"elType":"column"},{"id":"4914086","settings":{"_column_size":66,"_inline_size":84.6350000000000051159076974727213382720947265625},"elements":[{"id":"40f9407a","settings":{"title":"Research Publication Title","link":{"url":"#","is_external":"on","nofollow":""},"header_size":"h3","eael_tooltip_section_content":"I am a tooltip","eael_ext_content_protection_password_placeholder":"Enter Password","eael_ext_content_protection_password_submit_btn_txt":"Submit"},"elements":[],"isInner":false,"widgetType":"heading","elType":"widget"},{"id":"68c1cf74","settings":{"editor":"<p>with Coauthor A and Coauthor B, 0000. <em>Journal Title<\/em>, Vol 000, Issue 0, 000-0000<\/p>","eael_tooltip_section_content":"I am a tooltip","eael_ext_content_protection_password_placeholder":"Enter Password","eael_ext_content_protection_password_submit_btn_txt":"Submit"},"elements":[],"isInner":false,"widgetType":"text-editor","elType":"widget"},{"id":"4b5e59a3","settings":{"view":"inline","icon_list":[{"text":"External Link","selected_icon":{"value":"fas fa-external-link-square-alt","library":"fa-solid"},"_id":"4b93f3d","link":{"url":"#","is_external":"on","nofollow":""}},{"text":"PDF","selected_icon":{"value":"fas fa-file-pdf","library":"fa-solid"},"_id":"6ddab62","link":{"url":"#","is_external":"on","nofollow":""}},{"text":"Data","selected_icon":{"value":"fas fa-file-archive","library":"fa-solid"},"_id":"a9f2af1","link":{"url":"#","is_external":"on","nofollow":""}}],"space_between":{"unit":"px","size":24,"sizes":[]},"_margin":{"unit":"px","top":"4","right":"0","bottom":"0","left":"0","isLinked":false},"eael_tooltip_section_content":"I am a tooltip","eael_ext_content_protection_password_placeholder":"Enter Password","eael_ext_content_protection_password_submit_btn_txt":"Submit"},"elements":[],"isInner":false,"widgetType":"icon-list","elType":"widget"},{"id":"52aa6567","settings":{"tabs":[{"tab_title":"Optional Abstract and\/or Details","tab_content":"Lorem ipsum dolor sit amet, consectetur adipiscing elit. Ut elit tellus, luctus nec ullamcorper mattis, pulvinar dapibus leo.","_id":"f8aaa5f"}],"selected_icon":{"value":"fas fa-chevron-down","library":"fa-solid"},"selected_active_icon":{"value":"fas fa-chevron-up","library":"fa-solid"},"border_width":{"unit":"px","size":0,"sizes":[]},"border_color":"#D5D5D4","title_background":"#F4F4F3","icon_align":"right","_margin":{"unit":"px","top":"18","right":"0","bottom":"0","left":"0","isLinked":false},"_border_border":"solid","_border_width":{"unit":"px","top":"1","right":"1","bottom":"1","left":"1","isLinked":true},"_border_color":"#D5D5D4","title_padding":{"unit":"em","top":"0.5","right":"1","bottom":"0.5","left":"1","isLinked":false},"eael_tooltip_section_content":"I am a tooltip","eael_ext_content_protection_password_placeholder":"Enter Password","eael_ext_content_protection_password_submit_btn_txt":"Submit"},"elements":[],"isInner":false,"widgetType":"toggle","elType":"widget"}],"isInner":true,"elType":"column"}],"isInner":true,"elType":"section"},{"id":"2e79f2dd","settings":{"css_classes":"research-listing","html_tag":"article","structure":"21","_title":"Research Listing"},"elements":[{"id":"31b2b41a","settings":{"_column_size":33,"_inline_size":15,"_inline_size_mobile":25,"hide_mobile":"hidden-phone"},"elements":[{"id":"6a50b077","settings":{"image":{"url":"https:\/\/gsb-faculty.stanford.edu\/clone-me\/files\/2020\/07\/FPO_ResearchPaper_135x202.png","id":615},"image_size":"medium","eael_tooltip_section_content":"I am a tooltip","eael_ext_content_protection_password_placeholder":"Enter Password","eael_ext_content_protection_password_submit_btn_txt":"Submit"},"elements":[],"isInner":false,"widgetType":"image","elType":"widget"}],"isInner":true,"elType":"column"},{"id":"732a878d","settings":{"_column_size":66,"_inline_size":84.6350000000000051159076974727213382720947265625},"elements":[{"id":"20217e17","settings":{"title":"Research Publication Title","link":{"url":"#","is_external":"on","nofollow":""},"header_size":"h3","eael_tooltip_section_content":"I am a tooltip","eael_ext_content_protection_password_placeholder":"Enter Password","eael_ext_content_protection_password_submit_btn_txt":"Submit"},"elements":[],"isInner":false,"widgetType":"heading","elType":"widget"},{"id":"673e1da3","settings":{"editor":"<p>with Coauthor A and Coauthor B, 0000. <em>Journal Title<\/em>, Vol 000, Issue 0, 000-0000<\/p>","eael_tooltip_section_content":"I am a tooltip","eael_ext_content_protection_password_placeholder":"Enter Password","eael_ext_content_protection_password_submit_btn_txt":"Submit"},"elements":[],"isInner":false,"widgetType":"text-editor","elType":"widget"},{"id":"1e6d759a","settings":{"view":"inline","icon_list":[{"text":"External Link","selected_icon":{"value":"fas fa-external-link-square-alt","library":"fa-solid"},"_id":"4b93f3d","link":{"url":"#","is_external":"on","nofollow":""}},{"text":"PDF","selected_icon":{"value":"fas fa-file-pdf","library":"fa-solid"},"_id":"6ddab62","link":{"url":"#","is_external":"on","nofollow":""}},{"text":"Data","selected_icon":{"value":"fas fa-file-archive","library":"fa-solid"},"_id":"a9f2af1","link":{"url":"#","is_external":"on","nofollow":""}}],"space_between":{"unit":"px","size":24,"sizes":[]},"_margin":{"unit":"px","top":"4","right":"0","bottom":"0","left":"0","isLinked":false},"eael_tooltip_section_content":"I am a tooltip","eael_ext_content_protection_password_placeholder":"Enter Password","eael_ext_content_protection_password_submit_btn_txt":"Submit"},"elements":[],"isInner":false,"widgetType":"icon-list","elType":"widget"},{"id":"6d71ea66","settings":{"tabs":[{"tab_title":"Optional Abstract and\/or Details","tab_content":"Lorem ipsum dolor sit amet, consectetur adipiscing elit. Ut elit tellus, luctus nec ullamcorper mattis, pulvinar dapibus leo.","_id":"f8aaa5f"}],"selected_icon":{"value":"fas fa-chevron-down","library":"fa-solid"},"selected_active_icon":{"value":"fas fa-chevron-up","library":"fa-solid"},"border_width":{"unit":"px","size":0,"sizes":[]},"border_color":"#D5D5D4","title_background":"#F4F4F3","icon_align":"right","_margin":{"unit":"px","top":"18","right":"0","bottom":"0","left":"0","isLinked":false},"_border_border":"solid","_border_width":{"unit":"px","top":"1","right":"1","bottom":"1","left":"1","isLinked":true},"_border_color":"#D5D5D4","title_padding":{"unit":"em","top":"0.5","right":"1","bottom":"0.5","left":"1","isLinked":false},"eael_tooltip_section_content":"I am a tooltip","eael_ext_content_protection_password_placeholder":"Enter Password","eael_ext_content_protection_password_submit_btn_txt":"Submit"},"elements":[],"isInner":false,"widgetType":"toggle","elType":"widget"}],"isInner":true,"elType":"column"}],"isInner":true,"elType":"section"}],"isInner":false,"elType":"column"}],"isInner":false,"elType":"section"},{"id":"5eaed035","settings":{"structure":"21","html_tag":"section"},"elements":[{"id":"48c6ba52","settings":{"_column_size":33,"_inline_size":25,"_inline_size_tablet":30,"css_classes":"anchor"},"elements":[{"id":"692dd312","settings":{"title":"Quick Links","exclude_headings_by_selector":[],"minimized_on":"mobile","padding":{"unit":"px","size":8,"sizes":[]},"header_text_color":"#2E2D29","list_typography_typography":"custom","list_typography_font_size":{"unit":"px","size":14,"sizes":[]},"list_typography_line_height":{"unit":"em","size":1.1999999999999999555910790149937383830547332763671875,"sizes":[]},"list_indent":{"unit":"em","size":0,"sizes":[]},"marker_size":{"unit":"px","size":14,"sizes":[]},"_css_classes":"sticky","eael_tooltip_section_content":"I am a tooltip","eael_ext_content_protection_password_placeholder":"Enter Password","eael_ext_content_protection_password_submit_btn_txt":"Submit","headings_by_tags":["h2"]},"elements":[],"isInner":false,"widgetType":"table-of-contents","elType":"widget"}],"isInner":false,"elType":"column"},{"id":"1292b576","settings":{"_column_size":66,"_inline_size":74.635999999999995679900166578590869903564453125,"_inline_size_tablet":70,"space_between_widgets":24},"elements":[{"id":"16dfb031","settings":{"title":"Research Category 1","title_color":"#8C1515","_element_id":"research-category-1","_css_classes":"anchor section-heading","eael_tooltip_section_content":"I am a tooltip","eael_ext_content_protection_password_placeholder":"Enter Password","eael_ext_content_protection_password_submit_btn_txt":"Submit"},"elements":[],"isInner":false,"widgetType":"heading","elType":"widget"},{"id":"30d0bfd7","settings":{"css_classes":"research-listing","html_tag":"article","_title":"Research Listing"},"elements":[{"id":"2432bdbb","settings":{"_column_size":100},"elements":[{"id":"77a2e59","settings":{"title":"Research Publication Title","link":{"url":"#","is_external":"on","nofollow":""},"header_size":"h3","eael_tooltip_section_content":"I am a tooltip","eael_ext_content_protection_password_placeholder":"Enter Password","eael_ext_content_protection_password_submit_btn_txt":"Submit"},"elements":[],"isInner":false,"widgetType":"heading","elType":"widget"},{"id":"3f7f6ae6","settings":{"editor":"<p>with Coauthor A and Coauthor B, 0000. <em>Journal Title<\/em>, Vol 000, Issue 0, 000-0000<\/p>","eael_tooltip_section_content":"I am a tooltip","eael_ext_content_protection_password_placeholder":"Enter Password","eael_ext_content_protection_password_submit_btn_txt":"Submit"},"elements":[],"isInner":false,"widgetType":"text-editor","elType":"widget"},{"id":"4836acdd","settings":{"view":"inline","icon_list":[{"text":"External Link","selected_icon":{"value":"fas fa-external-link-square-alt","library":"fa-solid"},"_id":"4b93f3d","link":{"url":"#","is_external":"on","nofollow":""}},{"text":"PDF","selected_icon":{"value":"fas fa-file-pdf","library":"fa-solid"},"_id":"6ddab62","link":{"url":"#","is_external":"on","nofollow":""}},{"text":"Data","selected_icon":{"value":"fas fa-file-archive","library":"fa-solid"},"_id":"a9f2af1","link":{"url":"#","is_external":"on","nofollow":""}}],"space_between":{"unit":"px","size":24,"sizes":[]},"_margin":{"unit":"px","top":"4","right":"0","bottom":"0","left":"0","isLinked":false},"eael_tooltip_section_content":"I am a tooltip","eael_ext_content_protection_password_placeholder":"Enter Password","eael_ext_content_protection_password_submit_btn_txt":"Submit"},"elements":[],"isInner":false,"widgetType":"icon-list","elType":"widget"},{"id":"6214f0b4","settings":{"tabs":[{"tab_title":"Optional Abstract and\/or Details","tab_content":"Lorem ipsum dolor sit amet, consectetur adipiscing elit. Ut elit tellus, luctus nec ullamcorper mattis, pulvinar dapibus leo.","_id":"f8aaa5f"}],"selected_icon":{"value":"fas fa-chevron-down","library":"fa-solid"},"selected_active_icon":{"value":"fas fa-chevron-up","library":"fa-solid"},"border_width":{"unit":"px","size":0,"sizes":[]},"border_color":"#D5D5D4","title_background":"#F4F4F3","icon_align":"right","_margin":{"unit":"px","top":"18","right":"0","bottom":"0","left":"0","isLinked":false},"_border_border":"solid","_border_width":{"unit":"px","top":"1","right":"1","bottom":"1","left":"1","isLinked":true},"_border_color":"#D5D5D4","title_padding":{"unit":"em","top":"0.5","right":"1","bottom":"0.5","left":"1","isLinked":false},"eael_tooltip_section_content":"I am a tooltip","eael_ext_content_protection_password_placeholder":"Enter Password","eael_ext_content_protection_password_submit_btn_txt":"Submit"},"elements":[],"isInner":false,"widgetType":"toggle","elType":"widget"}],"isInner":true,"elType":"column"}],"isInner":true,"elType":"section"},{"id":"3b27bef1","settings":{"css_classes":"research-listing","html_tag":"article","_title":"Research Listing"},"elements":[{"id":"7fd74d04","settings":{"_column_size":100},"elements":[{"id":"704d0ee8","settings":{"title":"Research Publication Title","link":{"url":"#","is_external":"on","nofollow":""},"header_size":"h3","eael_tooltip_section_content":"I am a tooltip","eael_ext_content_protection_password_placeholder":"Enter Password","eael_ext_content_protection_password_submit_btn_txt":"Submit"},"elements":[],"isInner":false,"widgetType":"heading","elType":"widget"},{"id":"57b0605e","settings":{"editor":"<p>with Coauthor A and Coauthor B, 0000. <em>Journal Title<\/em>, Vol 000, Issue 0, 000-0000<\/p>","eael_tooltip_section_content":"I am a tooltip","eael_ext_content_protection_password_placeholder":"Enter Password","eael_ext_content_protection_password_submit_btn_txt":"Submit"},"elements":[],"isInner":false,"widgetType":"text-editor","elType":"widget"},{"id":"d2c5129","settings":{"view":"inline","icon_list":[{"text":"External Link","selected_icon":{"value":"fas fa-external-link-square-alt","library":"fa-solid"},"_id":"4b93f3d","link":{"url":"#","is_external":"on","nofollow":""}},{"text":"PDF","selected_icon":{"value":"fas fa-file-pdf","library":"fa-solid"},"_id":"6ddab62","link":{"url":"#","is_external":"on","nofollow":""}},{"text":"Data","selected_icon":{"value":"fas fa-file-archive","library":"fa-solid"},"_id":"a9f2af1","link":{"url":"#","is_external":"on","nofollow":""}}],"space_between":{"unit":"px","size":24,"sizes":[]},"_margin":{"unit":"px","top":"4","right":"0","bottom":"0","left":"0","isLinked":false},"eael_tooltip_section_content":"I am a tooltip","eael_ext_content_protection_password_placeholder":"Enter Password","eael_ext_content_protection_password_submit_btn_txt":"Submit"},"elements":[],"isInner":false,"widgetType":"icon-list","elType":"widget"},{"id":"29d6daa","settings":{"tabs":[{"tab_title":"Optional Abstract and\/or Details","tab_content":"Lorem ipsum dolor sit amet, consectetur adipiscing elit. Ut elit tellus, luctus nec ullamcorper mattis, pulvinar dapibus leo.","_id":"f8aaa5f"}],"selected_icon":{"value":"fas fa-chevron-down","library":"fa-solid"},"selected_active_icon":{"value":"fas fa-chevron-up","library":"fa-solid"},"border_width":{"unit":"px","size":0,"sizes":[]},"border_color":"#D5D5D4","title_background":"#F4F4F3","icon_align":"right","_margin":{"unit":"px","top":"18","right":"0","bottom":"0","left":"0","isLinked":false},"_border_border":"solid","_border_width":{"unit":"px","top":"1","right":"1","bottom":"1","left":"1","isLinked":true},"_border_color":"#D5D5D4","title_padding":{"unit":"em","top":"0.5","right":"1","bottom":"0.5","left":"1","isLinked":false},"eael_tooltip_section_content":"I am a tooltip","eael_ext_content_protection_password_placeholder":"Enter Password","eael_ext_content_protection_password_submit_btn_txt":"Submit"},"elements":[],"isInner":false,"widgetType":"toggle","elType":"widget"}],"isInner":true,"elType":"column"}],"isInner":true,"elType":"section"},{"id":"1cfadb4c","settings":{"text":"Divider","color":"#D5D5D4","eael_tooltip_section_content":"I am a tooltip","eael_ext_content_protection_password_placeholder":"Enter Password","eael_ext_content_protection_password_submit_btn_txt":"Submit"},"elements":[],"isInner":false,"widgetType":"divider","elType":"widget"},{"id":"19bb4c25","settings":{"title":"Research Category 2","title_color":"#8C1515","_element_id":"research-category-2","_css_classes":"anchor section-heading","eael_tooltip_section_content":"I am a tooltip","eael_ext_content_protection_password_placeholder":"Enter Password","eael_ext_content_protection_password_submit_btn_txt":"Submit"},"elements":[],"isInner":false,"widgetType":"heading","elType":"widget"},{"id":"45577a23","settings":{"css_classes":"research-listing","html_tag":"article","_title":"Research Listing"},"elements":[{"id":"2479a079","settings":{"_column_size":100},"elements":[{"id":"5b6013b9","settings":{"title":"Research Publication Title","link":{"url":"#","is_external":"on","nofollow":""},"header_size":"h3","eael_tooltip_section_content":"I am a tooltip","eael_ext_content_protection_password_placeholder":"Enter Password","eael_ext_content_protection_password_submit_btn_txt":"Submit"},"elements":[],"isInner":false,"widgetType":"heading","elType":"widget"},{"id":"2cdaf89","settings":{"editor":"<p>with Coauthor A and Coauthor B, 0000. <em>Journal Title<\/em>, Vol 000, Issue 0, 000-0000<\/p>","eael_tooltip_section_content":"I am a tooltip","eael_ext_content_protection_password_placeholder":"Enter Password","eael_ext_content_protection_password_submit_btn_txt":"Submit"},"elements":[],"isInner":false,"widgetType":"text-editor","elType":"widget"},{"id":"159479eb","settings":{"view":"inline","icon_list":[{"text":"External Link","selected_icon":{"value":"fas fa-external-link-square-alt","library":"fa-solid"},"_id":"4b93f3d","link":{"url":"#","is_external":"on","nofollow":""}},{"text":"PDF","selected_icon":{"value":"fas fa-file-pdf","library":"fa-solid"},"_id":"6ddab62","link":{"url":"#","is_external":"on","nofollow":""}},{"text":"Data","selected_icon":{"value":"fas fa-file-archive","library":"fa-solid"},"_id":"a9f2af1","link":{"url":"#","is_external":"on","nofollow":""}}],"space_between":{"unit":"px","size":24,"sizes":[]},"_margin":{"unit":"px","top":"4","right":"0","bottom":"0","left":"0","isLinked":false},"eael_tooltip_section_content":"I am a tooltip","eael_ext_content_protection_password_placeholder":"Enter Password","eael_ext_content_protection_password_submit_btn_txt":"Submit"},"elements":[],"isInner":false,"widgetType":"icon-list","elType":"widget"},{"id":"48380abd","settings":{"tabs":[{"tab_title":"Optional Abstract and\/or Details","tab_content":"Lorem ipsum dolor sit amet, consectetur adipiscing elit. Ut elit tellus, luctus nec ullamcorper mattis, pulvinar dapibus leo.","_id":"f8aaa5f"}],"selected_icon":{"value":"fas fa-chevron-down","library":"fa-solid"},"selected_active_icon":{"value":"fas fa-chevron-up","library":"fa-solid"},"border_width":{"unit":"px","size":0,"sizes":[]},"border_color":"#D5D5D4","title_background":"#F4F4F3","icon_align":"right","_margin":{"unit":"px","top":"18","right":"0","bottom":"0","left":"0","isLinked":false},"_border_border":"solid","_border_width":{"unit":"px","top":"1","right":"1","bottom":"1","left":"1","isLinked":true},"_border_color":"#D5D5D4","title_padding":{"unit":"em","top":"0.5","right":"1","bottom":"0.5","left":"1","isLinked":false},"eael_tooltip_section_content":"I am a tooltip","eael_ext_content_protection_password_placeholder":"Enter Password","eael_ext_content_protection_password_submit_btn_txt":"Submit"},"elements":[],"isInner":false,"widgetType":"toggle","elType":"widget"}],"isInner":true,"elType":"column"}],"isInner":true,"elType":"section"},{"id":"20bf6b9a","settings":{"css_classes":"research-listing","html_tag":"article","_title":"Research Listing"},"elements":[{"id":"1ca7e7ca","settings":{"_column_size":100},"elements":[{"id":"6d1690f0","settings":{"title":"Research Publication Title","link":{"url":"#","is_external":"on","nofollow":""},"header_size":"h3","eael_tooltip_section_content":"I am a tooltip","eael_ext_content_protection_password_placeholder":"Enter Password","eael_ext_content_protection_password_submit_btn_txt":"Submit"},"elements":[],"isInner":false,"widgetType":"heading","elType":"widget"},{"id":"4d4585f6","settings":{"editor":"<p>with Coauthor A and Coauthor B, 0000. <em>Journal Title<\/em>, Vol 000, Issue 0, 000-0000<\/p>","eael_tooltip_section_content":"I am a tooltip","eael_ext_content_protection_password_placeholder":"Enter Password","eael_ext_content_protection_password_submit_btn_txt":"Submit"},"elements":[],"isInner":false,"widgetType":"text-editor","elType":"widget"},{"id":"1eed7b6","settings":{"view":"inline","icon_list":[{"text":"External Link","selected_icon":{"value":"fas fa-external-link-square-alt","library":"fa-solid"},"_id":"4b93f3d","link":{"url":"#","is_external":"on","nofollow":""}},{"text":"PDF","selected_icon":{"value":"fas fa-file-pdf","library":"fa-solid"},"_id":"6ddab62","link":{"url":"#","is_external":"on","nofollow":""}},{"text":"Data","selected_icon":{"value":"fas fa-file-archive","library":"fa-solid"},"_id":"a9f2af1","link":{"url":"#","is_external":"on","nofollow":""}}],"space_between":{"unit":"px","size":24,"sizes":[]},"_margin":{"unit":"px","top":"4","right":"0","bottom":"0","left":"0","isLinked":false},"eael_tooltip_section_content":"I am a tooltip","eael_ext_content_protection_password_placeholder":"Enter Password","eael_ext_content_protection_password_submit_btn_txt":"Submit"},"elements":[],"isInner":false,"widgetType":"icon-list","elType":"widget"},{"id":"7d6c743c","settings":{"tabs":[{"tab_title":"Optional Abstract and\/or Details","tab_content":"Lorem ipsum dolor sit amet, consectetur adipiscing elit. Ut elit tellus, luctus nec ullamcorper mattis, pulvinar dapibus leo.","_id":"f8aaa5f"}],"selected_icon":{"value":"fas fa-chevron-down","library":"fa-solid"},"selected_active_icon":{"value":"fas fa-chevron-up","library":"fa-solid"},"border_width":{"unit":"px","size":0,"sizes":[]},"border_color":"#D5D5D4","title_background":"#F4F4F3","icon_align":"right","_margin":{"unit":"px","top":"18","right":"0","bottom":"0","left":"0","isLinked":false},"_border_border":"solid","_border_width":{"unit":"px","top":"1","right":"1","bottom":"1","left":"1","isLinked":true},"_border_color":"#D5D5D4","title_padding":{"unit":"em","top":"0.5","right":"1","bottom":"0.5","left":"1","isLinked":false},"eael_tooltip_section_content":"I am a tooltip","eael_ext_content_protection_password_placeholder":"Enter Password","eael_ext_content_protection_password_submit_btn_txt":"Submit"},"elements":[],"isInner":false,"widgetType":"toggle","elType":"widget"}],"isInner":true,"elType":"column"}],"isInner":true,"elType":"section"}],"isInner":false,"elType":"column"}],"isInner":false,"elType":"section"}],"page_settings":{"eael_ext_toc_title":"Table of Content"}}