{"version":"0.4","title":"Page: Press","type":"page","content":[{"id":"6efa9085","settings":{"html_tag":"section"},"elements":[{"id":"33a8e2f7","settings":{"_column_size":100,"_inline_size":null,"space_between_widgets":36},"elements":[{"id":"4551734e","settings":{"title":"Section Heading","header_size":"h1","title_color":"#8C1515","_css_classes":"section-heading","eael_tooltip_section_content":"I am a tooltip","eael_ext_content_protection_password_placeholder":"Enter Password","eael_ext_content_protection_password_submit_btn_txt":"Submit"},"elements":[],"isInner":false,"widgetType":"heading","elType":"widget"},{"id":"5be03444","settings":{"css_classes":"press-listing","html_tag":"article","background_background":"classic","border_border":"solid","border_width":{"unit":"px","top":"1","right":"1","bottom":"1","left":"1","isLinked":true},"border_color":"#D5D5D4","padding":{"unit":"em","top":"0.5","right":"0.5","bottom":"0.5","left":"0.5","isLinked":true},"_title":"Press Listing"},"elements":[{"id":"375a66e0","settings":{"_column_size":100,"_inline_size":null,"_inline_size_tablet":88,"_inline_size_mobile":80},"elements":[{"id":"5b92ee3f","settings":{"title":"Press Article Title","link":{"url":"#","is_external":"on","nofollow":""},"header_size":"h3","typography_font_size":{"unit":"em","size":1.25,"sizes":[]},"eael_tooltip_section_content":"I am a tooltip","eael_ext_content_protection_password_placeholder":"Enter Password","eael_ext_content_protection_password_submit_btn_txt":"Submit"},"elements":[],"isInner":false,"widgetType":"heading","elType":"widget"},{"id":"2a169eee","settings":{"editor":"<p><em>Media Outlet<\/em>, Publication Date<\/p>","typography_font_size":{"unit":"em","size":0.770000000000000017763568394002504646778106689453125,"sizes":[]},"eael_tooltip_section_content":"I am a tooltip","eael_ext_content_protection_password_placeholder":"Enter Password","eael_ext_content_protection_password_submit_btn_txt":"Submit"},"elements":[],"isInner":false,"widgetType":"text-editor","elType":"widget"}],"isInner":true,"elType":"column"}],"isInner":true,"elType":"section"},{"id":"e123d8e","settings":{"css_classes":"press-listing","html_tag":"article","background_background":"classic","border_border":"solid","border_width":{"unit":"px","top":"1","right":"1","bottom":"1","left":"1","isLinked":true},"border_color":"#D5D5D4","padding":{"unit":"em","top":"0.5","right":"0.5","bottom":"0.5","left":"0.5","isLinked":true},"_title":"Press Listing"},"elements":[{"id":"7113be7b","settings":{"_column_size":100,"_inline_size":null,"_inline_size_tablet":88,"_inline_size_mobile":80},"elements":[{"id":"789b2119","settings":{"title":"Press Article Title","link":{"url":"#","is_external":"on","nofollow":""},"header_size":"h3","typography_font_size":{"unit":"em","size":1.25,"sizes":[]},"eael_tooltip_section_content":"I am a tooltip","eael_ext_content_protection_password_placeholder":"Enter Password","eael_ext_content_protection_password_submit_btn_txt":"Submit"},"elements":[],"isInner":false,"widgetType":"heading","elType":"widget"},{"id":"1797f38e","settings":{"editor":"<p><em>Media Outlet<\/em>, Publication Date<\/p>","typography_font_size":{"unit":"em","size":0.770000000000000017763568394002504646778106689453125,"sizes":[]},"eael_tooltip_section_content":"I am a tooltip","eael_ext_content_protection_password_placeholder":"Enter Password","eael_ext_content_protection_password_submit_btn_txt":"Submit"},"elements":[],"isInner":false,"widgetType":"text-editor","elType":"widget"}],"isInner":true,"elType":"column"}],"isInner":true,"elType":"section"}],"isInner":false,"elType":"column"}],"isInner":false,"elType":"section"},{"id":"7a86517a","settings":{"html_tag":"section"},"elements":[{"id":"587e828d","settings":{"_column_size":100,"_inline_size":null,"space_between_widgets":36},"elements":[{"id":"3576dc3a","settings":{"title":"Section Heading","header_size":"h1","title_color":"#8C1515","_css_classes":"section-heading","eael_tooltip_section_content":"I am a tooltip","eael_ext_content_protection_password_placeholder":"Enter Password","eael_ext_content_protection_password_submit_btn_txt":"Submit"},"elements":[],"isInner":false,"widgetType":"heading","elType":"widget"},{"id":"dc16183","settings":{"css_classes":"press-listing","html_tag":"article","structure":"20","_title":"Press Listing"},"elements":[{"id":"5ce309e3","settings":{"_column_size":50,"_inline_size":8,"_inline_size_tablet":12,"_inline_size_mobile":20},"elements":[{"id":"7e761290","settings":{"image_size":"thumbnail","align":"left","image":{"url":"https:\/\/gsb-faculty.stanford.edu\/clone-me\/files\/2020\/07\/press_Harvard-Business-Review.jpg","id":626},"image_border_radius":{"unit":"%","top":"55","right":"55","bottom":"55","left":"55","isLinked":true},"eael_tooltip_section_content":"I am a tooltip","eael_ext_content_protection_password_placeholder":"Enter Password","eael_ext_content_protection_password_submit_btn_txt":"Submit"},"elements":[],"isInner":false,"widgetType":"image","elType":"widget"}],"isInner":true,"elType":"column"},{"id":"4ed75a53","settings":{"_column_size":50,"_inline_size":92,"_inline_size_tablet":88,"_inline_size_mobile":80},"elements":[{"id":"445b8d81","settings":{"title":"Press Article Title","link":{"url":"#","is_external":"on","nofollow":""},"header_size":"h3","eael_tooltip_section_content":"I am a tooltip","eael_ext_content_protection_password_placeholder":"Enter Password","eael_ext_content_protection_password_submit_btn_txt":"Submit"},"elements":[],"isInner":false,"widgetType":"heading","elType":"widget"},{"id":"7a3d37cc","settings":{"editor":"<p><em>Media Outlet<\/em>, Publication Date<\/p>","eael_tooltip_section_content":"I am a tooltip","eael_ext_content_protection_password_placeholder":"Enter Password","eael_ext_content_protection_password_submit_btn_txt":"Submit"},"elements":[],"isInner":false,"widgetType":"text-editor","elType":"widget"}],"isInner":true,"elType":"column"}],"isInner":true,"elType":"section"},{"id":"1db882ae","settings":{"css_classes":"press-listing","html_tag":"article","structure":"20","_title":"Press Listing"},"elements":[{"id":"3030256","settings":{"_column_size":50,"_inline_size":8,"_inline_size_tablet":12,"_inline_size_mobile":20},"elements":[{"id":"505390be","settings":{"image_size":"thumbnail","align":"left","image":{"url":"https:\/\/gsb-faculty.stanford.edu\/clone-me\/files\/2020\/07\/press_Harvard-Business-Review.jpg","id":626},"image_border_radius":{"unit":"%","top":"55","right":"55","bottom":"55","left":"55","isLinked":true},"eael_tooltip_section_content":"I am a tooltip","eael_ext_content_protection_password_placeholder":"Enter Password","eael_ext_content_protection_password_submit_btn_txt":"Submit"},"elements":[],"isInner":false,"widgetType":"image","elType":"widget"}],"isInner":true,"elType":"column"},{"id":"533509c7","settings":{"_column_size":50,"_inline_size":92,"_inline_size_tablet":88,"_inline_size_mobile":80},"elements":[{"id":"2b5e7fe9","settings":{"title":"Press Article Title","link":{"url":"#","is_external":"on","nofollow":""},"header_size":"h3","eael_tooltip_section_content":"I am a tooltip","eael_ext_content_protection_password_placeholder":"Enter Password","eael_ext_content_protection_password_submit_btn_txt":"Submit"},"elements":[],"isInner":false,"widgetType":"heading","elType":"widget"},{"id":"4d76e317","settings":{"editor":"<p><em>Media Outlet<\/em>, Publication Date<\/p>","eael_tooltip_section_content":"I am a tooltip","eael_ext_content_protection_password_placeholder":"Enter Password","eael_ext_content_protection_password_submit_btn_txt":"Submit"},"elements":[],"isInner":false,"widgetType":"text-editor","elType":"widget"}],"isInner":true,"elType":"column"}],"isInner":true,"elType":"section"}],"isInner":false,"elType":"column"}],"isInner":false,"elType":"section"}],"page_settings":{"eael_ext_toc_title":"Table of Content"}}