{"version":"0.4","title":"Page: Contact","type":"page","content":[{"id":"1882f0af","settings":{"margin":{"unit":"px","top":"0","right":0,"bottom":"24","left":0,"isLinked":false},"structure":"22"},"elements":[{"id":"445540d0","settings":{"_column_size":66,"_inline_size":null,"space_between_widgets":24},"elements":[{"id":"2b2f721d","settings":{"icon_list":[{"text":"email@stanford.edu","selected_icon":{"value":"fas fa-envelope","library":"fa-solid"},"_id":"f2c0f2c","link":{"url":"#","is_external":"","nofollow":""}},{"text":"(000) 000-0000","selected_icon":{"value":"fas fa-phone-alt","library":"fa-solid"},"_id":"7462a61","link":{"url":"","is_external":"","nofollow":""}},{"text":"(000) 000-0000","selected_icon":{"value":"fas fa-fax","library":"fa-solid"},"_id":"e2f33f4","link":{"url":"","is_external":"","nofollow":""}},{"text":"Office: W000","selected_icon":{"value":"fas fa-building","library":"fa-solid"},"link":{"url":"","is_external":"","nofollow":""},"_id":"eb0cb28"},{"text":"Graduate School of Business<br>Knight Management Center<br>655 Knight Way<br>Stanford, California 94305","selected_icon":{"value":"fas fa-map-pin","library":"fa-solid"},"link":{"url":"","is_external":"","nofollow":""},"_id":"894fe52"}],"eael_tooltip_section_content":"I am a tooltip","eael_ext_content_protection_password_placeholder":"Enter Password","eael_ext_content_protection_password_submit_btn_txt":"Submit"},"elements":[],"isInner":false,"widgetType":"icon-list","elType":"widget"},{"id":"2db71a1a","settings":{"icon_list":[{"text":"Stanford GSB Faculty Profile","selected_icon":{"value":"fas fa-external-link-square-alt","library":"fa-solid"},"link":{"url":"#","is_external":"on","nofollow":""},"_id":"dc64d17"},{"text":"Google Scholar","selected_icon":{"value":"fab fa-google","library":"fa-brands"},"link":{"url":"#","is_external":"on","nofollow":""},"_id":"68e5995"},{"text":"@twitterhandle","selected_icon":{"value":"fab fa-twitter","library":"fa-brands"},"link":{"url":"#","is_external":"on","nofollow":""},"_id":"e77c101"}],"eael_tooltip_section_content":"I am a tooltip","eael_ext_content_protection_password_placeholder":"Enter Password","eael_ext_content_protection_password_submit_btn_txt":"Submit"},"elements":[],"isInner":false,"widgetType":"icon-list","elType":"widget"}],"isInner":false,"elType":"column"},{"id":"194b57fc","settings":{"_column_size":33,"_inline_size":null},"elements":[{"id":"2d6abbf9","settings":{"background_background":"classic","background_color":"#F4F4F3","padding":{"unit":"em","top":"1","right":"1","bottom":"1","left":"1","isLinked":true},"gap":"no"},"elements":[{"id":"14a3644f","settings":{"_column_size":100,"_inline_size":null},"elements":[{"id":"7417bc73","settings":{"title":"Faculty Assistant","size":"medium","header_size":"h4","title_color":"#8C1515","eael_tooltip_section_content":"I am a tooltip","eael_ext_content_protection_password_placeholder":"Enter Password","eael_ext_content_protection_password_submit_btn_txt":"Submit"},"elements":[],"isInner":false,"widgetType":"heading","elType":"widget"},{"id":"46dfaa14","settings":{"title":"Jane Doe","size":"medium","header_size":"h5","_padding":{"unit":"em","top":"0","right":"0","bottom":"1","left":"0","isLinked":false},"eael_tooltip_section_content":"I am a tooltip","eael_ext_content_protection_password_placeholder":"Enter Password","eael_ext_content_protection_password_submit_btn_txt":"Submit"},"elements":[],"isInner":false,"widgetType":"heading","elType":"widget"},{"id":"1e12beab","settings":{"icon_list":[{"text":"email@stanford.edu","selected_icon":{"value":"fas fa-envelope","library":"fa-solid"},"_id":"f2c0f2c","link":{"url":"#","is_external":"","nofollow":""}},{"text":"(000) 000-0000","selected_icon":{"value":"fas fa-phone-alt","library":"fa-solid"},"_id":"7462a61","link":{"url":"","is_external":"","nofollow":""}},{"text":"(000) 000-0000","selected_icon":{"value":"fas fa-fax","library":"fa-solid"},"_id":"e2f33f4","link":{"url":"","is_external":"","nofollow":""}},{"text":"Office: W000","selected_icon":{"value":"fas fa-building","library":"fa-solid"},"link":{"url":"","is_external":"","nofollow":""},"_id":"eb0cb28"}],"eael_tooltip_section_content":"I am a tooltip","eael_ext_content_protection_password_placeholder":"Enter Password","eael_ext_content_protection_password_submit_btn_txt":"Submit"},"elements":[],"isInner":false,"widgetType":"icon-list","elType":"widget"}],"isInner":true,"elType":"column"}],"isInner":true,"elType":"section"}],"isInner":false,"elType":"column"}],"isInner":false,"elType":"section"}],"page_settings":{"eael_ext_toc_title":"Table of Content"}}