{"version":"0.4","title":"Section: Research Listing: Thumbnail","type":"section","content":[{"id":"528032fc","settings":[],"elements":[{"id":"61902ce5","settings":{"_column_size":100,"_inline_size":null,"space_between_widgets":36},"elements":[{"id":"19fc7649","settings":{"title":"Research Category or Year","title_color":"#8C1515","eael_tooltip_section_content":"I am a tooltip","eael_ext_content_protection_password_placeholder":"Enter Password","eael_ext_content_protection_password_submit_btn_txt":"Submit"},"elements":[],"isInner":false,"widgetType":"heading","elType":"widget"},{"id":"2cfee5ad","settings":{"css_classes":"research-listing","html_tag":"article","structure":"21","_title":"Research Listing"},"elements":[{"id":"40e6ab40","settings":{"_column_size":33,"_inline_size":15,"_inline_size_mobile":25,"hide_mobile":"hidden-phone"},"elements":[{"id":"41e1478a","settings":{"image":{"url":"https:\/\/gsb-faculty.stanford.edu\/clone-me\/files\/2020\/07\/FPO_ResearchPaper_135x202.png","id":615},"image_size":"medium","eael_tooltip_section_content":"I am a tooltip","eael_ext_content_protection_password_placeholder":"Enter Password","eael_ext_content_protection_password_submit_btn_txt":"Submit"},"elements":[],"isInner":false,"widgetType":"image","elType":"widget"}],"isInner":true,"elType":"column"},{"id":"5233626c","settings":{"_column_size":66,"_inline_size":84.6350000000000051159076974727213382720947265625},"elements":[{"id":"a586272","settings":{"title":"Research Publication Title","link":{"url":"#","is_external":"on","nofollow":""},"header_size":"h3","eael_tooltip_section_content":"I am a tooltip","eael_ext_content_protection_password_placeholder":"Enter Password","eael_ext_content_protection_password_submit_btn_txt":"Submit"},"elements":[],"isInner":false,"widgetType":"heading","elType":"widget"},{"id":"18fd2127","settings":{"editor":"<p>with Coauthor A and Coauthor B, 0000. <em>Journal Title<\/em>, Vol 000, Issue 0, 000-0000<\/p>","eael_tooltip_section_content":"I am a tooltip","eael_ext_content_protection_password_placeholder":"Enter Password","eael_ext_content_protection_password_submit_btn_txt":"Submit"},"elements":[],"isInner":false,"widgetType":"text-editor","elType":"widget"},{"id":"4b28467b","settings":{"view":"inline","icon_list":[{"text":"External Link","selected_icon":{"value":"fas fa-external-link-square-alt","library":"fa-solid"},"_id":"4b93f3d","link":{"url":"#","is_external":"on","nofollow":""}},{"text":"PDF","selected_icon":{"value":"fas fa-file-pdf","library":"fa-solid"},"_id":"6ddab62","link":{"url":"#","is_external":"on","nofollow":""}},{"text":"Data","selected_icon":{"value":"fas fa-file-archive","library":"fa-solid"},"_id":"a9f2af1","link":{"url":"#","is_external":"on","nofollow":""}}],"space_between":{"unit":"px","size":24,"sizes":[]},"_margin":{"unit":"px","top":"4","right":"0","bottom":"0","left":"0","isLinked":false},"eael_tooltip_section_content":"I am a tooltip","eael_ext_content_protection_password_placeholder":"Enter Password","eael_ext_content_protection_password_submit_btn_txt":"Submit"},"elements":[],"isInner":false,"widgetType":"icon-list","elType":"widget"},{"id":"407f2b21","settings":{"tabs":[{"tab_title":"Optional Abstract and\/or Details","tab_content":"Lorem ipsum dolor sit amet, consectetur adipiscing elit. Ut elit tellus, luctus nec ullamcorper mattis, pulvinar dapibus leo.","_id":"f8aaa5f"}],"selected_icon":{"value":"fas fa-chevron-down","library":"fa-solid"},"selected_active_icon":{"value":"fas fa-chevron-up","library":"fa-solid"},"border_width":{"unit":"px","size":0,"sizes":[]},"border_color":"#D5D5D4","title_background":"#F4F4F3","icon_align":"right","_margin":{"unit":"px","top":"18","right":"0","bottom":"0","left":"0","isLinked":false},"_border_border":"solid","_border_width":{"unit":"px","top":"1","right":"1","bottom":"1","left":"1","isLinked":true},"_border_color":"#D5D5D4","title_padding":{"unit":"em","top":"0.5","right":"1","bottom":"0.5","left":"1","isLinked":false},"eael_tooltip_section_content":"I am a tooltip","eael_ext_content_protection_password_placeholder":"Enter Password","eael_ext_content_protection_password_submit_btn_txt":"Submit"},"elements":[],"isInner":false,"widgetType":"toggle","elType":"widget"}],"isInner":true,"elType":"column"}],"isInner":true,"elType":"section"},{"id":"807544f","settings":{"css_classes":"research-listing","html_tag":"article","structure":"21","_title":"Research Listing"},"elements":[{"id":"65da66d5","settings":{"_column_size":33,"_inline_size":15,"_inline_size_mobile":25,"hide_mobile":"hidden-phone"},"elements":[{"id":"3f65421","settings":{"image":{"url":"https:\/\/gsb-faculty.stanford.edu\/clone-me\/files\/2020\/07\/FPO_ResearchPaper_135x202.png","id":615},"image_size":"medium","eael_tooltip_section_content":"I am a tooltip","eael_ext_content_protection_password_placeholder":"Enter Password","eael_ext_content_protection_password_submit_btn_txt":"Submit"},"elements":[],"isInner":false,"widgetType":"image","elType":"widget"}],"isInner":true,"elType":"column"},{"id":"218945c9","settings":{"_column_size":66,"_inline_size":84.6350000000000051159076974727213382720947265625},"elements":[{"id":"3cefc031","settings":{"title":"Research Publication Title","link":{"url":"#","is_external":"on","nofollow":""},"header_size":"h3","eael_tooltip_section_content":"I am a tooltip","eael_ext_content_protection_password_placeholder":"Enter Password","eael_ext_content_protection_password_submit_btn_txt":"Submit"},"elements":[],"isInner":false,"widgetType":"heading","elType":"widget"},{"id":"6e1291ec","settings":{"editor":"<p>with Coauthor A and Coauthor B, 0000. <em>Journal Title<\/em>, Vol 000, Issue 0, 000-0000<\/p>","eael_tooltip_section_content":"I am a tooltip","eael_ext_content_protection_password_placeholder":"Enter Password","eael_ext_content_protection_password_submit_btn_txt":"Submit"},"elements":[],"isInner":false,"widgetType":"text-editor","elType":"widget"},{"id":"336202ef","settings":{"view":"inline","icon_list":[{"text":"External Link","selected_icon":{"value":"fas fa-external-link-square-alt","library":"fa-solid"},"_id":"4b93f3d","link":{"url":"#","is_external":"on","nofollow":""}},{"text":"PDF","selected_icon":{"value":"fas fa-file-pdf","library":"fa-solid"},"_id":"6ddab62","link":{"url":"#","is_external":"on","nofollow":""}},{"text":"Data","selected_icon":{"value":"fas fa-file-archive","library":"fa-solid"},"_id":"a9f2af1","link":{"url":"#","is_external":"on","nofollow":""}}],"space_between":{"unit":"px","size":24,"sizes":[]},"_margin":{"unit":"px","top":"4","right":"0","bottom":"0","left":"0","isLinked":false},"eael_tooltip_section_content":"I am a tooltip","eael_ext_content_protection_password_placeholder":"Enter Password","eael_ext_content_protection_password_submit_btn_txt":"Submit"},"elements":[],"isInner":false,"widgetType":"icon-list","elType":"widget"},{"id":"31d764f3","settings":{"tabs":[{"tab_title":"Optional Abstract and\/or Details","tab_content":"Lorem ipsum dolor sit amet, consectetur adipiscing elit. Ut elit tellus, luctus nec ullamcorper mattis, pulvinar dapibus leo.","_id":"f8aaa5f"}],"selected_icon":{"value":"fas fa-chevron-down","library":"fa-solid"},"selected_active_icon":{"value":"fas fa-chevron-up","library":"fa-solid"},"border_width":{"unit":"px","size":0,"sizes":[]},"border_color":"#D5D5D4","title_background":"#F4F4F3","icon_align":"right","_margin":{"unit":"px","top":"18","right":"0","bottom":"0","left":"0","isLinked":false},"_border_border":"solid","_border_width":{"unit":"px","top":"1","right":"1","bottom":"1","left":"1","isLinked":true},"_border_color":"#D5D5D4","title_padding":{"unit":"em","top":"0.5","right":"1","bottom":"0.5","left":"1","isLinked":false},"eael_tooltip_section_content":"I am a tooltip","eael_ext_content_protection_password_placeholder":"Enter Password","eael_ext_content_protection_password_submit_btn_txt":"Submit"},"elements":[],"isInner":false,"widgetType":"toggle","elType":"widget"}],"isInner":true,"elType":"column"}],"isInner":true,"elType":"section"}],"isInner":false,"elType":"column"}],"isInner":false,"elType":"section"}],"page_settings":{"eael_ext_toc_title":"Table of Contents"}}