{"version":"0.4","title":"Section: Research Listing: Scroll Navigation","type":"section","content":[{"id":"482cd91e","settings":{"structure":"21"},"elements":[{"id":"380bfefd","settings":{"_column_size":33,"_inline_size":25,"_inline_size_tablet":30,"css_classes":"anchor"},"elements":[{"id":"cb21ef","settings":{"title":"Quick Links","headings_by_tags":["h2"],"exclude_headings_by_selector":[],"minimized_on":"mobile","padding":{"unit":"px","size":8,"sizes":[]},"header_text_color":"#2E2D29","list_typography_typography":"custom","list_typography_font_size":{"unit":"px","size":14,"sizes":[]},"list_typography_line_height":{"unit":"em","size":1.1999999999999999555910790149937383830547332763671875,"sizes":[]},"list_indent":{"unit":"em","size":0,"sizes":[]},"marker_size":{"unit":"px","size":14,"sizes":[]},"_css_classes":"sticky","eael_tooltip_section_content":"I am a tooltip","eael_ext_content_protection_password_placeholder":"Enter Password","eael_ext_content_protection_password_submit_btn_txt":"Submit"},"elements":[],"isInner":false,"widgetType":"table-of-contents","elType":"widget"}],"isInner":false,"elType":"column"},{"id":"6956571a","settings":{"_column_size":66,"_inline_size":74.635999999999995679900166578590869903564453125,"_inline_size_tablet":70,"space_between_widgets":18},"elements":[{"id":"4d7f1314","settings":{"title":"Research Category 1","title_color":"#8C1515","_element_id":"research-category-1","_css_classes":"anchor","eael_tooltip_section_content":"I am a tooltip","eael_ext_content_protection_password_placeholder":"Enter Password","eael_ext_content_protection_password_submit_btn_txt":"Submit"},"elements":[],"isInner":false,"widgetType":"heading","elType":"widget"},{"id":"28089bf8","settings":{"css_classes":"research-listing","html_tag":"article","_title":"Research Listing"},"elements":[{"id":"d634716","settings":{"_column_size":100},"elements":[{"id":"37a57f65","settings":{"title":"Research Publication Title","link":{"url":"#","is_external":"on","nofollow":""},"header_size":"h3","eael_tooltip_section_content":"I am a tooltip","eael_ext_content_protection_password_placeholder":"Enter Password","eael_ext_content_protection_password_submit_btn_txt":"Submit"},"elements":[],"isInner":false,"widgetType":"heading","elType":"widget"},{"id":"779dacec","settings":{"editor":"<p>with Coauthor A and Coauthor B, 0000. <em>Journal Title<\/em>, Vol 000, Issue 0, 000-0000<\/p>","eael_tooltip_section_content":"I am a tooltip","eael_ext_content_protection_password_placeholder":"Enter Password","eael_ext_content_protection_password_submit_btn_txt":"Submit"},"elements":[],"isInner":false,"widgetType":"text-editor","elType":"widget"},{"id":"38de1c38","settings":{"view":"inline","icon_list":[{"text":"External Link","selected_icon":{"value":"fas fa-external-link-square-alt","library":"fa-solid"},"_id":"4b93f3d","link":{"url":"#","is_external":"on","nofollow":""}},{"text":"PDF","selected_icon":{"value":"fas fa-file-pdf","library":"fa-solid"},"_id":"6ddab62","link":{"url":"#","is_external":"on","nofollow":""}},{"text":"Data","selected_icon":{"value":"fas fa-file-archive","library":"fa-solid"},"_id":"a9f2af1","link":{"url":"#","is_external":"on","nofollow":""}}],"space_between":{"unit":"px","size":24,"sizes":[]},"_margin":{"unit":"px","top":"4","right":"0","bottom":"0","left":"0","isLinked":false},"eael_tooltip_section_content":"I am a tooltip","eael_ext_content_protection_password_placeholder":"Enter Password","eael_ext_content_protection_password_submit_btn_txt":"Submit"},"elements":[],"isInner":false,"widgetType":"icon-list","elType":"widget"},{"id":"5106fd3b","settings":{"tabs":[{"tab_title":"Optional Abstract and\/or Details","tab_content":"Lorem ipsum dolor sit amet, consectetur adipiscing elit. Ut elit tellus, luctus nec ullamcorper mattis, pulvinar dapibus leo.","_id":"f8aaa5f"}],"selected_icon":{"value":"fas fa-chevron-down","library":"fa-solid"},"selected_active_icon":{"value":"fas fa-chevron-up","library":"fa-solid"},"border_width":{"unit":"px","size":0,"sizes":[]},"border_color":"#D5D5D4","title_background":"#F4F4F3","icon_align":"right","_margin":{"unit":"px","top":"18","right":"0","bottom":"0","left":"0","isLinked":false},"_border_border":"solid","_border_width":{"unit":"px","top":"1","right":"1","bottom":"1","left":"1","isLinked":true},"_border_color":"#D5D5D4","title_padding":{"unit":"em","top":"0.5","right":"1","bottom":"0.5","left":"1","isLinked":false},"eael_tooltip_section_content":"I am a tooltip","eael_ext_content_protection_password_placeholder":"Enter Password","eael_ext_content_protection_password_submit_btn_txt":"Submit"},"elements":[],"isInner":false,"widgetType":"toggle","elType":"widget"}],"isInner":true,"elType":"column"}],"isInner":true,"elType":"section"},{"id":"3f96ad81","settings":{"css_classes":"research-listing","html_tag":"article","_title":"Research Listing"},"elements":[{"id":"60d63a8b","settings":{"_column_size":100},"elements":[{"id":"65560044","settings":{"title":"Research Publication Title","link":{"url":"#","is_external":"on","nofollow":""},"header_size":"h3","eael_tooltip_section_content":"I am a tooltip","eael_ext_content_protection_password_placeholder":"Enter Password","eael_ext_content_protection_password_submit_btn_txt":"Submit"},"elements":[],"isInner":false,"widgetType":"heading","elType":"widget"},{"id":"34071c73","settings":{"editor":"<p>with Coauthor A and Coauthor B, 0000. <em>Journal Title<\/em>, Vol 000, Issue 0, 000-0000<\/p>","eael_tooltip_section_content":"I am a tooltip","eael_ext_content_protection_password_placeholder":"Enter Password","eael_ext_content_protection_password_submit_btn_txt":"Submit"},"elements":[],"isInner":false,"widgetType":"text-editor","elType":"widget"},{"id":"45c323dc","settings":{"view":"inline","icon_list":[{"text":"External Link","selected_icon":{"value":"fas fa-external-link-square-alt","library":"fa-solid"},"_id":"4b93f3d","link":{"url":"#","is_external":"on","nofollow":""}},{"text":"PDF","selected_icon":{"value":"fas fa-file-pdf","library":"fa-solid"},"_id":"6ddab62","link":{"url":"#","is_external":"on","nofollow":""}},{"text":"Data","selected_icon":{"value":"fas fa-file-archive","library":"fa-solid"},"_id":"a9f2af1","link":{"url":"#","is_external":"on","nofollow":""}}],"space_between":{"unit":"px","size":24,"sizes":[]},"_margin":{"unit":"px","top":"4","right":"0","bottom":"0","left":"0","isLinked":false},"eael_tooltip_section_content":"I am a tooltip","eael_ext_content_protection_password_placeholder":"Enter Password","eael_ext_content_protection_password_submit_btn_txt":"Submit"},"elements":[],"isInner":false,"widgetType":"icon-list","elType":"widget"},{"id":"50c2b6e4","settings":{"tabs":[{"tab_title":"Optional Abstract and\/or Details","tab_content":"Lorem ipsum dolor sit amet, consectetur adipiscing elit. Ut elit tellus, luctus nec ullamcorper mattis, pulvinar dapibus leo.","_id":"f8aaa5f"}],"selected_icon":{"value":"fas fa-chevron-down","library":"fa-solid"},"selected_active_icon":{"value":"fas fa-chevron-up","library":"fa-solid"},"border_width":{"unit":"px","size":0,"sizes":[]},"border_color":"#D5D5D4","title_background":"#F4F4F3","icon_align":"right","_margin":{"unit":"px","top":"18","right":"0","bottom":"0","left":"0","isLinked":false},"_border_border":"solid","_border_width":{"unit":"px","top":"1","right":"1","bottom":"1","left":"1","isLinked":true},"_border_color":"#D5D5D4","title_padding":{"unit":"em","top":"0.5","right":"1","bottom":"0.5","left":"1","isLinked":false},"eael_tooltip_section_content":"I am a tooltip","eael_ext_content_protection_password_placeholder":"Enter Password","eael_ext_content_protection_password_submit_btn_txt":"Submit"},"elements":[],"isInner":false,"widgetType":"toggle","elType":"widget"}],"isInner":true,"elType":"column"}],"isInner":true,"elType":"section"},{"id":"585c8560","settings":{"text":"Divider","color":"#D5D5D4","eael_tooltip_section_content":"I am a tooltip","eael_ext_content_protection_password_placeholder":"Enter Password","eael_ext_content_protection_password_submit_btn_txt":"Submit"},"elements":[],"isInner":false,"widgetType":"divider","elType":"widget"},{"id":"68ea4c6e","settings":{"title":"Research Category 2","title_color":"#8C1515","_element_id":"research-category-2","_css_classes":"anchor","eael_tooltip_section_content":"I am a tooltip","eael_ext_content_protection_password_placeholder":"Enter Password","eael_ext_content_protection_password_submit_btn_txt":"Submit"},"elements":[],"isInner":false,"widgetType":"heading","elType":"widget"},{"id":"72be47af","settings":{"css_classes":"research-listing","html_tag":"article","_title":"Research Listing"},"elements":[{"id":"427830f0","settings":{"_column_size":100},"elements":[{"id":"7f65bfcf","settings":{"title":"Research Publication Title","link":{"url":"#","is_external":"on","nofollow":""},"header_size":"h3","eael_tooltip_section_content":"I am a tooltip","eael_ext_content_protection_password_placeholder":"Enter Password","eael_ext_content_protection_password_submit_btn_txt":"Submit"},"elements":[],"isInner":false,"widgetType":"heading","elType":"widget"},{"id":"52165573","settings":{"editor":"<p>with Coauthor A and Coauthor B, 0000. <em>Journal Title<\/em>, Vol 000, Issue 0, 000-0000<\/p>","eael_tooltip_section_content":"I am a tooltip","eael_ext_content_protection_password_placeholder":"Enter Password","eael_ext_content_protection_password_submit_btn_txt":"Submit"},"elements":[],"isInner":false,"widgetType":"text-editor","elType":"widget"},{"id":"750378c7","settings":{"view":"inline","icon_list":[{"text":"External Link","selected_icon":{"value":"fas fa-external-link-square-alt","library":"fa-solid"},"_id":"4b93f3d","link":{"url":"#","is_external":"on","nofollow":""}},{"text":"PDF","selected_icon":{"value":"fas fa-file-pdf","library":"fa-solid"},"_id":"6ddab62","link":{"url":"#","is_external":"on","nofollow":""}},{"text":"Data","selected_icon":{"value":"fas fa-file-archive","library":"fa-solid"},"_id":"a9f2af1","link":{"url":"#","is_external":"on","nofollow":""}}],"space_between":{"unit":"px","size":24,"sizes":[]},"_margin":{"unit":"px","top":"4","right":"0","bottom":"0","left":"0","isLinked":false},"eael_tooltip_section_content":"I am a tooltip","eael_ext_content_protection_password_placeholder":"Enter Password","eael_ext_content_protection_password_submit_btn_txt":"Submit"},"elements":[],"isInner":false,"widgetType":"icon-list","elType":"widget"},{"id":"42a10f8","settings":{"tabs":[{"tab_title":"Optional Abstract and\/or Details","tab_content":"Lorem ipsum dolor sit amet, consectetur adipiscing elit. Ut elit tellus, luctus nec ullamcorper mattis, pulvinar dapibus leo.","_id":"f8aaa5f"}],"selected_icon":{"value":"fas fa-chevron-down","library":"fa-solid"},"selected_active_icon":{"value":"fas fa-chevron-up","library":"fa-solid"},"border_width":{"unit":"px","size":0,"sizes":[]},"border_color":"#D5D5D4","title_background":"#F4F4F3","icon_align":"right","_margin":{"unit":"px","top":"18","right":"0","bottom":"0","left":"0","isLinked":false},"_border_border":"solid","_border_width":{"unit":"px","top":"1","right":"1","bottom":"1","left":"1","isLinked":true},"_border_color":"#D5D5D4","title_padding":{"unit":"em","top":"0.5","right":"1","bottom":"0.5","left":"1","isLinked":false},"eael_tooltip_section_content":"I am a tooltip","eael_ext_content_protection_password_placeholder":"Enter Password","eael_ext_content_protection_password_submit_btn_txt":"Submit"},"elements":[],"isInner":false,"widgetType":"toggle","elType":"widget"}],"isInner":true,"elType":"column"}],"isInner":true,"elType":"section"},{"id":"5dd4f46d","settings":{"css_classes":"research-listing","html_tag":"article","_title":"Research Listing"},"elements":[{"id":"56a644b6","settings":{"_column_size":100},"elements":[{"id":"7cb2080e","settings":{"title":"Research Publication Title","link":{"url":"#","is_external":"on","nofollow":""},"header_size":"h3","eael_tooltip_section_content":"I am a tooltip","eael_ext_content_protection_password_placeholder":"Enter Password","eael_ext_content_protection_password_submit_btn_txt":"Submit"},"elements":[],"isInner":false,"widgetType":"heading","elType":"widget"},{"id":"7e9074e0","settings":{"editor":"<p>with Coauthor A and Coauthor B, 0000. <em>Journal Title<\/em>, Vol 000, Issue 0, 000-0000<\/p>","eael_tooltip_section_content":"I am a tooltip","eael_ext_content_protection_password_placeholder":"Enter Password","eael_ext_content_protection_password_submit_btn_txt":"Submit"},"elements":[],"isInner":false,"widgetType":"text-editor","elType":"widget"},{"id":"372034f1","settings":{"view":"inline","icon_list":[{"text":"External Link","selected_icon":{"value":"fas fa-external-link-square-alt","library":"fa-solid"},"_id":"4b93f3d","link":{"url":"#","is_external":"on","nofollow":""}},{"text":"PDF","selected_icon":{"value":"fas fa-file-pdf","library":"fa-solid"},"_id":"6ddab62","link":{"url":"#","is_external":"on","nofollow":""}},{"text":"Data","selected_icon":{"value":"fas fa-file-archive","library":"fa-solid"},"_id":"a9f2af1","link":{"url":"#","is_external":"on","nofollow":""}}],"space_between":{"unit":"px","size":24,"sizes":[]},"_margin":{"unit":"px","top":"4","right":"0","bottom":"0","left":"0","isLinked":false},"eael_tooltip_section_content":"I am a tooltip","eael_ext_content_protection_password_placeholder":"Enter Password","eael_ext_content_protection_password_submit_btn_txt":"Submit"},"elements":[],"isInner":false,"widgetType":"icon-list","elType":"widget"},{"id":"630db3b5","settings":{"tabs":[{"tab_title":"Optional Abstract and\/or Details","tab_content":"Lorem ipsum dolor sit amet, consectetur adipiscing elit. Ut elit tellus, luctus nec ullamcorper mattis, pulvinar dapibus leo.","_id":"f8aaa5f"}],"selected_icon":{"value":"fas fa-chevron-down","library":"fa-solid"},"selected_active_icon":{"value":"fas fa-chevron-up","library":"fa-solid"},"border_width":{"unit":"px","size":0,"sizes":[]},"border_color":"#D5D5D4","title_background":"#F4F4F3","icon_align":"right","_margin":{"unit":"px","top":"18","right":"0","bottom":"0","left":"0","isLinked":false},"_border_border":"solid","_border_width":{"unit":"px","top":"1","right":"1","bottom":"1","left":"1","isLinked":true},"_border_color":"#D5D5D4","title_padding":{"unit":"em","top":"0.5","right":"1","bottom":"0.5","left":"1","isLinked":false},"eael_tooltip_section_content":"I am a tooltip","eael_ext_content_protection_password_placeholder":"Enter Password","eael_ext_content_protection_password_submit_btn_txt":"Submit"},"elements":[],"isInner":false,"widgetType":"toggle","elType":"widget"}],"isInner":true,"elType":"column"}],"isInner":true,"elType":"section"}],"isInner":false,"elType":"column"}],"isInner":false,"elType":"section"}],"page_settings":{"eael_ext_toc_title":"Table of Contents"}}