{"version":"0.4","title":"Section: Course Listing: Card Fill","type":"section","content":[{"id":"10b05ef4","settings":[],"elements":[{"id":"11673ecc","settings":{"_column_size":100,"_inline_size":null,"space_between_widgets":24},"elements":[{"id":"66640b7b","settings":{"html_tag":"article","background_background":"classic","background_color":"#F4F4F3","padding":{"unit":"em","top":"1","right":"1","bottom":"1","left":"1","isLinked":true},"css_classes":"course-listing","structure":"21","_title":"Course Listing"},"elements":[{"id":"36152363","settings":{"_column_size":33,"_inline_size":15,"_inline_size_tablet":20,"_inline_size_mobile":50},"elements":[{"id":"490c2e2b","settings":{"image":{"url":"https:\/\/gsb-faculty.stanford.edu\/clone-me\/files\/2020\/07\/GSB-Logo-2C_300x82.png","id":623},"link_to":"custom","link":{"url":"https:\/\/www.gsb.stanford.edu\/","is_external":"on","nofollow":""},"eael_tooltip_section_content":"I am a tooltip","eael_ext_content_protection_password_placeholder":"Enter Password","eael_ext_content_protection_password_submit_btn_txt":"Submit"},"elements":[],"isInner":false,"widgetType":"image","elType":"widget"}],"isInner":true,"elType":"column"},{"id":"6e6045d8","settings":{"_column_size":66,"_inline_size":84.6329999999999955662133288569748401641845703125,"space_between_widgets":24},"elements":[{"id":"64975682","settings":{"title":"COURSE CODE: Lorem ipsum dolor sit amet","link":{"url":"#","is_external":"on","nofollow":""},"eael_tooltip_section_content":"I am a tooltip","eael_ext_content_protection_password_placeholder":"Enter Password","eael_ext_content_protection_password_submit_btn_txt":"Submit"},"elements":[],"isInner":false,"widgetType":"heading","elType":"widget"},{"id":"1b853a3","settings":{"editor":"<p>Lorem ipsum dolor sit amet, consectetur adipiscing elit. Cras placerat, mauris et pellentesque ultrices, magna nibh elementum diam, ut accumsan ex felis ac libero. Aenean ultricies eget leo vitae tristique. Pellentesque scelerisque dignissim velit nec sollicitudin. Nullam elementum, tellus quis luctus tempus, turpis nisi feugiat dui, sit amet scelerisque ipsum libero vel lacus. Donec sit amet urna est. Curabitur eget dui vel purus pharetra elementum sit amet id nulla. Fusce nec tempus mi.<\/p>","eael_tooltip_section_content":"I am a tooltip","eael_ext_content_protection_password_placeholder":"Enter Password","eael_ext_content_protection_password_submit_btn_txt":"Submit"},"elements":[],"isInner":false,"widgetType":"text-editor","elType":"widget"},{"id":"432149f8","settings":{"view":"inline","icon_list":[{"text":"ExploreCourses","selected_icon":{"value":"fas fa-external-link-square-alt","library":"fa-solid"},"_id":"dbbbc38","link":{"url":"#","is_external":"on","nofollow":""}},{"text":"CANVAS","selected_icon":{"value":"fas fa-external-link-square-alt","library":"fa-solid"},"link":{"url":"#","is_external":"on","nofollow":""},"_id":"32f75eb"}],"space_between":{"unit":"px","size":24,"sizes":[]},"icon_align":"left","icon_self_align":"center","eael_tooltip_section_content":"I am a tooltip","eael_ext_content_protection_password_placeholder":"Enter Password","eael_ext_content_protection_password_submit_btn_txt":"Submit"},"elements":[],"isInner":false,"widgetType":"icon-list","elType":"widget"}],"isInner":true,"elType":"column"}],"isInner":true,"elType":"section"},{"id":"2d129fa0","settings":{"html_tag":"article","background_background":"classic","background_color":"#F4F4F3","padding":{"unit":"em","top":"1","right":"1","bottom":"1","left":"1","isLinked":true},"css_classes":"course-listing","structure":"21","_title":"Course Listing"},"elements":[{"id":"41e0c61a","settings":{"_column_size":33,"_inline_size":15,"_inline_size_tablet":20,"_inline_size_mobile":50},"elements":[{"id":"5b746ae5","settings":{"image":{"url":"https:\/\/gsb-faculty.stanford.edu\/clone-me\/files\/2020\/07\/GSB-Logo-2C_300x82.png","id":623},"link_to":"custom","link":{"url":"https:\/\/www.gsb.stanford.edu\/","is_external":"on","nofollow":""},"eael_tooltip_section_content":"I am a tooltip","eael_ext_content_protection_password_placeholder":"Enter Password","eael_ext_content_protection_password_submit_btn_txt":"Submit"},"elements":[],"isInner":false,"widgetType":"image","elType":"widget"}],"isInner":true,"elType":"column"},{"id":"40241425","settings":{"_column_size":66,"_inline_size":84.6329999999999955662133288569748401641845703125,"space_between_widgets":24},"elements":[{"id":"5ca13251","settings":{"title":"COURSE CODE: Lorem ipsum dolor sit amet","link":{"url":"#","is_external":"on","nofollow":""},"eael_tooltip_section_content":"I am a tooltip","eael_ext_content_protection_password_placeholder":"Enter Password","eael_ext_content_protection_password_submit_btn_txt":"Submit"},"elements":[],"isInner":false,"widgetType":"heading","elType":"widget"},{"id":"6ffb69ec","settings":{"editor":"<p>Lorem ipsum dolor sit amet, consectetur adipiscing elit. Cras placerat, mauris et pellentesque ultrices, magna nibh elementum diam, ut accumsan ex felis ac libero. Aenean ultricies eget leo vitae tristique. Pellentesque scelerisque dignissim velit nec sollicitudin. Nullam elementum, tellus quis luctus tempus, turpis nisi feugiat dui, sit amet scelerisque ipsum libero vel lacus. Donec sit amet urna est. Curabitur eget dui vel purus pharetra elementum sit amet id nulla. Fusce nec tempus mi.<\/p>","eael_tooltip_section_content":"I am a tooltip","eael_ext_content_protection_password_placeholder":"Enter Password","eael_ext_content_protection_password_submit_btn_txt":"Submit"},"elements":[],"isInner":false,"widgetType":"text-editor","elType":"widget"},{"id":"5d5bfb57","settings":{"view":"inline","icon_list":[{"text":"ExploreCourses","selected_icon":{"value":"fas fa-external-link-square-alt","library":"fa-solid"},"_id":"dbbbc38","link":{"url":"#","is_external":"on","nofollow":""}},{"text":"CANVAS","selected_icon":{"value":"fas fa-external-link-square-alt","library":"fa-solid"},"link":{"url":"#","is_external":"on","nofollow":""},"_id":"32f75eb"}],"space_between":{"unit":"px","size":24,"sizes":[]},"icon_align":"left","icon_self_align":"center","eael_tooltip_section_content":"I am a tooltip","eael_ext_content_protection_password_placeholder":"Enter Password","eael_ext_content_protection_password_submit_btn_txt":"Submit"},"elements":[],"isInner":false,"widgetType":"icon-list","elType":"widget"}],"isInner":true,"elType":"column"}],"isInner":true,"elType":"section"}],"isInner":false,"elType":"column"}],"isInner":false,"elType":"section"}],"page_settings":{"eael_ext_toc_title":"Table of Contents"}}