{"version":"0.4","title":"Section: Research Listing: Default","type":"section","content":[{"id":"174bb3a6","settings":[],"elements":[{"id":"43ff5f86","settings":{"_column_size":100,"_inline_size":null,"space_between_widgets":36},"elements":[{"id":"6672241d","settings":{"title":"Research Category or Year","title_color":"#8C1515","eael_tooltip_section_content":"I am a tooltip","eael_ext_content_protection_password_placeholder":"Enter Password","eael_ext_content_protection_password_submit_btn_txt":"Submit"},"elements":[],"isInner":false,"widgetType":"heading","elType":"widget"},{"id":"177e7a62","settings":{"css_classes":"research-listing","html_tag":"article","_title":"Research Listing"},"elements":[{"id":"5db9695e","settings":{"_column_size":100},"elements":[{"id":"48ed0fd6","settings":{"title":"Research Publication Title","link":{"url":"#","is_external":"on","nofollow":""},"header_size":"h3","eael_tooltip_section_content":"I am a tooltip","eael_ext_content_protection_password_placeholder":"Enter Password","eael_ext_content_protection_password_submit_btn_txt":"Submit"},"elements":[],"isInner":false,"widgetType":"heading","elType":"widget"},{"id":"341a6b4a","settings":{"editor":"<p>with Coauthor A and Coauthor B, 0000. <em>Journal Title<\/em>, Vol 000, Issue 0, 000-0000<\/p>","eael_tooltip_section_content":"I am a tooltip","eael_ext_content_protection_password_placeholder":"Enter Password","eael_ext_content_protection_password_submit_btn_txt":"Submit"},"elements":[],"isInner":false,"widgetType":"text-editor","elType":"widget"},{"id":"256d07ae","settings":{"view":"inline","icon_list":[{"text":"External Link","selected_icon":{"value":"fas fa-external-link-square-alt","library":"fa-solid"},"_id":"4b93f3d","link":{"url":"#","is_external":"on","nofollow":""}},{"text":"PDF","selected_icon":{"value":"fas fa-file-pdf","library":"fa-solid"},"_id":"6ddab62","link":{"url":"#","is_external":"on","nofollow":""}},{"text":"Data","selected_icon":{"value":"fas fa-file-archive","library":"fa-solid"},"_id":"a9f2af1","link":{"url":"#","is_external":"on","nofollow":""}}],"space_between":{"unit":"px","size":24,"sizes":[]},"_margin":{"unit":"px","top":"4","right":"0","bottom":"0","left":"0","isLinked":false},"eael_tooltip_section_content":"I am a tooltip","eael_ext_content_protection_password_placeholder":"Enter Password","eael_ext_content_protection_password_submit_btn_txt":"Submit"},"elements":[],"isInner":false,"widgetType":"icon-list","elType":"widget"},{"id":"6194559a","settings":{"tabs":[{"tab_title":"Optional Abstract and\/or Details","tab_content":"Lorem ipsum dolor sit amet, consectetur adipiscing elit. Ut elit tellus, luctus nec ullamcorper mattis, pulvinar dapibus leo.","_id":"f8aaa5f"}],"selected_icon":{"value":"fas fa-chevron-down","library":"fa-solid"},"selected_active_icon":{"value":"fas fa-chevron-up","library":"fa-solid"},"border_width":{"unit":"px","size":0,"sizes":[]},"border_color":"#D5D5D4","title_background":"#F4F4F3","icon_align":"right","_margin":{"unit":"px","top":"18","right":"0","bottom":"0","left":"0","isLinked":false},"_border_border":"solid","_border_width":{"unit":"px","top":"1","right":"1","bottom":"1","left":"1","isLinked":true},"_border_color":"#D5D5D4","title_padding":{"unit":"em","top":"0.5","right":"1","bottom":"0.5","left":"1","isLinked":false},"eael_tooltip_section_content":"I am a tooltip","eael_ext_content_protection_password_placeholder":"Enter Password","eael_ext_content_protection_password_submit_btn_txt":"Submit"},"elements":[],"isInner":false,"widgetType":"toggle","elType":"widget"}],"isInner":true,"elType":"column"}],"isInner":true,"elType":"section"},{"id":"3bf30a1d","settings":{"css_classes":"research-listing","html_tag":"article","_title":"Research Listing"},"elements":[{"id":"5cccb3bc","settings":{"_column_size":100},"elements":[{"id":"1a0079d2","settings":{"title":"Research Publication Title","link":{"url":"#","is_external":"on","nofollow":""},"header_size":"h3","eael_tooltip_section_content":"I am a tooltip","eael_ext_content_protection_password_placeholder":"Enter Password","eael_ext_content_protection_password_submit_btn_txt":"Submit"},"elements":[],"isInner":false,"widgetType":"heading","elType":"widget"},{"id":"4739b870","settings":{"editor":"<p>with Coauthor A and Coauthor B, 0000. <em>Journal Title<\/em>, Vol 000, Issue 0, 000-0000<\/p>","eael_tooltip_section_content":"I am a tooltip","eael_ext_content_protection_password_placeholder":"Enter Password","eael_ext_content_protection_password_submit_btn_txt":"Submit"},"elements":[],"isInner":false,"widgetType":"text-editor","elType":"widget"},{"id":"50e6947a","settings":{"view":"inline","icon_list":[{"text":"External Link","selected_icon":{"value":"fas fa-external-link-square-alt","library":"fa-solid"},"_id":"4b93f3d","link":{"url":"#","is_external":"on","nofollow":""}},{"text":"PDF","selected_icon":{"value":"fas fa-file-pdf","library":"fa-solid"},"_id":"6ddab62","link":{"url":"#","is_external":"on","nofollow":""}},{"text":"Data","selected_icon":{"value":"fas fa-file-archive","library":"fa-solid"},"_id":"a9f2af1","link":{"url":"#","is_external":"on","nofollow":""}}],"space_between":{"unit":"px","size":24,"sizes":[]},"_margin":{"unit":"px","top":"4","right":"0","bottom":"0","left":"0","isLinked":false},"eael_tooltip_section_content":"I am a tooltip","eael_ext_content_protection_password_placeholder":"Enter Password","eael_ext_content_protection_password_submit_btn_txt":"Submit"},"elements":[],"isInner":false,"widgetType":"icon-list","elType":"widget"},{"id":"581c6388","settings":{"tabs":[{"tab_title":"Optional Abstract and\/or Details","tab_content":"Lorem ipsum dolor sit amet, consectetur adipiscing elit. Ut elit tellus, luctus nec ullamcorper mattis, pulvinar dapibus leo.","_id":"f8aaa5f"}],"selected_icon":{"value":"fas fa-chevron-down","library":"fa-solid"},"selected_active_icon":{"value":"fas fa-chevron-up","library":"fa-solid"},"border_width":{"unit":"px","size":0,"sizes":[]},"border_color":"#D5D5D4","title_background":"#F4F4F3","icon_align":"right","_margin":{"unit":"px","top":"18","right":"0","bottom":"0","left":"0","isLinked":false},"_border_border":"solid","_border_width":{"unit":"px","top":"1","right":"1","bottom":"1","left":"1","isLinked":true},"_border_color":"#D5D5D4","title_padding":{"unit":"em","top":"0.5","right":"1","bottom":"0.5","left":"1","isLinked":false},"eael_tooltip_section_content":"I am a tooltip","eael_ext_content_protection_password_placeholder":"Enter Password","eael_ext_content_protection_password_submit_btn_txt":"Submit"},"elements":[],"isInner":false,"widgetType":"toggle","elType":"widget"}],"isInner":true,"elType":"column"}],"isInner":true,"elType":"section"}],"isInner":false,"elType":"column"}],"isInner":false,"elType":"section"}],"page_settings":{"eael_ext_toc_title":"Table of Contents"}}