{"version":"0.4","title":"Section: Faux Footer Widget Area","type":"section","content":[{"id":"878b5c2","settings":{"background_background":"classic","background_color":"#1A1915","css_classes":"padded","gap":"no","html_tag":"footer"},"elements":[{"id":"456c8238","settings":{"_column_size":100,"_inline_size":null},"elements":[{"id":"5679b04b","settings":{"structure":"40"},"elements":[{"id":"5451ea2a","settings":{"_column_size":25,"_inline_size":null,"_inline_size_tablet":50},"elements":[{"id":"78c16e3c","settings":{"image":{"id":670,"url":"https:\/\/gsb-faculty.stanford.edu\/clone-me\/files\/2020\/08\/Logo-Stanford-GSB-182x50-1.png"},"image_size":"medium","align":"left","link_to":"custom","link":{"url":"https:\/\/www.gsb.stanford.edu\/","is_external":"on","nofollow":"","custom_attributes":""},"eael_tooltip_section_content":"I am a tooltip","eael_ext_content_protection_password_placeholder":"Enter Password","eael_ext_content_protection_password_submit_btn_txt":"Submit"},"elements":[],"isInner":false,"widgetType":"image","elType":"widget"}],"isInner":true,"elType":"column"},{"id":"29ddfdd4","settings":{"_column_size":25,"_inline_size":null,"_inline_size_tablet":50},"elements":[{"id":"1f6f90d","settings":{"input_size":"xs","button_text":"Log In","show_lost_password":"","user_label":"Username or Email Address","user_placeholder":"Username or Email Address","password_label":"Password","password_placeholder":"Password","row_gap":{"unit":"px","size":10,"sizes":[]},"label_typography_typography":"custom","label_typography_font_size":{"unit":"px","size":14,"sizes":[]},"label_typography_line_height":{"unit":"em","size":1.5,"sizes":[]},"eael_tooltip_section_content":"I am a tooltip","eael_ext_content_protection_password_placeholder":"Enter Password","eael_ext_content_protection_password_submit_btn_txt":"Submit","_background_background":"classic","label_color":"#969694","message_color":"#969694","message_typography_typography":"custom","message_typography_font_size":{"unit":"px","size":14,"sizes":[]},"message_typography_line_height":{"unit":"em","size":1.5,"sizes":[]},"_css_classes":".dark","show_logged_in_message":""},"elements":[],"isInner":false,"widgetType":"login","elType":"widget"}],"isInner":true,"elType":"column"},{"id":"b823009","settings":{"_column_size":25,"_inline_size":null,"_inline_size_tablet":50},"elements":[],"isInner":true,"elType":"column"},{"id":"6d30304c","settings":{"_column_size":25,"_inline_size":null,"_inline_size_tablet":50},"elements":[],"isInner":true,"elType":"column"}],"isInner":true,"elType":"section"}],"isInner":false,"elType":"column"}],"isInner":false,"elType":"section"}],"page_settings":{"eael_ext_toc_title":"Table of Content"}}