{"version":"0.4","title":"Section: Press Listing: Thumbnail","type":"section","content":[{"id":"2784b6b0","settings":[],"elements":[{"id":"52c63fc","settings":{"_column_size":100,"_inline_size":null,"space_between_widgets":36},"elements":[{"id":"5fcc7849","settings":{"css_classes":"press-listing","html_tag":"article","structure":"20","_title":"Press Listing"},"elements":[{"id":"44c54ea2","settings":{"_column_size":50,"_inline_size":8,"_inline_size_tablet":12,"_inline_size_mobile":20},"elements":[{"id":"78261844","settings":{"image_size":"thumbnail","align":"left","image":{"url":"https:\/\/gsb-faculty.stanford.edu\/clone-me\/files\/2020\/07\/press_Harvard-Business-Review.jpg","id":626},"image_border_radius":{"unit":"%","top":"55","right":"55","bottom":"55","left":"55","isLinked":true},"eael_tooltip_section_content":"I am a tooltip","eael_ext_content_protection_password_placeholder":"Enter Password","eael_ext_content_protection_password_submit_btn_txt":"Submit"},"elements":[],"isInner":false,"widgetType":"image","elType":"widget"}],"isInner":true,"elType":"column"},{"id":"388d41b3","settings":{"_column_size":50,"_inline_size":92,"_inline_size_tablet":88,"_inline_size_mobile":80},"elements":[{"id":"7e6d021c","settings":{"title":"Press Article Title","link":{"url":"#","is_external":"on","nofollow":""},"header_size":"h3","eael_tooltip_section_content":"I am a tooltip","eael_ext_content_protection_password_placeholder":"Enter Password","eael_ext_content_protection_password_submit_btn_txt":"Submit"},"elements":[],"isInner":false,"widgetType":"heading","elType":"widget"},{"id":"2fe6bd7f","settings":{"editor":"<p><em>Media Outlet<\/em>, Publication Date<\/p>","eael_tooltip_section_content":"I am a tooltip","eael_ext_content_protection_password_placeholder":"Enter Password","eael_ext_content_protection_password_submit_btn_txt":"Submit"},"elements":[],"isInner":false,"widgetType":"text-editor","elType":"widget"}],"isInner":true,"elType":"column"}],"isInner":true,"elType":"section"},{"id":"341203df","settings":{"css_classes":"press-listing","html_tag":"article","structure":"20","_title":"Press Listing"},"elements":[{"id":"33e81c02","settings":{"_column_size":50,"_inline_size":8,"_inline_size_tablet":12,"_inline_size_mobile":20},"elements":[{"id":"29ac387a","settings":{"image_size":"thumbnail","align":"left","image":{"url":"https:\/\/gsb-faculty.stanford.edu\/clone-me\/files\/2020\/07\/press_Harvard-Business-Review.jpg","id":626},"image_border_radius":{"unit":"%","top":"55","right":"55","bottom":"55","left":"55","isLinked":true},"eael_tooltip_section_content":"I am a tooltip","eael_ext_content_protection_password_placeholder":"Enter Password","eael_ext_content_protection_password_submit_btn_txt":"Submit"},"elements":[],"isInner":false,"widgetType":"image","elType":"widget"}],"isInner":true,"elType":"column"},{"id":"e6ae128","settings":{"_column_size":50,"_inline_size":92,"_inline_size_tablet":88,"_inline_size_mobile":80},"elements":[{"id":"69180c54","settings":{"title":"Press Article Title","link":{"url":"#","is_external":"on","nofollow":""},"header_size":"h3","eael_tooltip_section_content":"I am a tooltip","eael_ext_content_protection_password_placeholder":"Enter Password","eael_ext_content_protection_password_submit_btn_txt":"Submit"},"elements":[],"isInner":false,"widgetType":"heading","elType":"widget"},{"id":"73e9f7a1","settings":{"editor":"<p><em>Media Outlet<\/em>, Publication Date<\/p>","eael_tooltip_section_content":"I am a tooltip","eael_ext_content_protection_password_placeholder":"Enter Password","eael_ext_content_protection_password_submit_btn_txt":"Submit"},"elements":[],"isInner":false,"widgetType":"text-editor","elType":"widget"}],"isInner":true,"elType":"column"}],"isInner":true,"elType":"section"}],"isInner":false,"elType":"column"}],"isInner":false,"elType":"section"}],"page_settings":{"eael_ext_toc_title":"Table of Contents"}}